mid,sid,pid,ustatus,score,astatus
1881545,13868,9814,NULL,9.808000,New
1881544,13868,9813,NULL,9.808000,New
1881542,13868,9788,NULL,9.808000,New
1881529,13868,9705,NULL,9.808000,New
1881526,13868,9663,NULL,9.808000,New
1881512,13868,9548,NULL,9.808000,New
1881507,13868,9502,NULL,9.808000,New
1881506,13868,9501,NULL,9.808000,New
1881505,13868,9500,NULL,9.808000,New
1881504,13868,9499,NULL,9.808000,New
1881503,13868,9497,NULL,9.808000,New
1881500,13868,9491,NULL,9.808000,New
1881498,13868,9486,NULL,9.808000,New
1881497,13868,9480,NULL,9.808000,New
1881494,13868,9472,NULL,9.808000,New
1881485,13868,9445,NULL,9.808000,New
1881479,13868,9419,NULL,9.808000,New
1878739,13867,9809,NULL,10.000000,New
1878737,13867,9542,NULL,10.000000,New
1878736,13867,9527,NULL,10.000000,New
1878733,13867,9328,NULL,9.123000,New
1877766,13860,9812,NULL,9.825000,New
1877761,13860,9729,NULL,9.825000,New
1877749,13860,9548,NULL,9.825000,New
1877746,13860,9488,NULL,9.825000,New
1877262,13781,9893,NULL,9.808000,New
1877257,13781,9769,NULL,9.808000,New
1877252,13781,9703,NULL,9.808000,New
1877248,13781,9670,NULL,9.808000,New
1877240,13781,9598,NULL,9.800000,New
1877229,13781,9457,NULL,9.800000,New
1877228,13781,9452,NULL,9.808000,New
1877226,13781,9444,NULL,9.808000,New
1877224,13781,9344,NULL,9.808000,New
1877075,13853,9895,NULL,10.000000,New
1877064,13853,9705,NULL,10.000000,New
1877055,13853,9502,NULL,10.000000,New
1877054,13853,9501,NULL,10.000000,New
1877053,13853,9500,NULL,10.000000,New
1877052,13853,9499,NULL,10.000000,New
1877051,13853,9489,NULL,9.123000,New
1877049,13853,9472,NULL,10.000000,New
1875983,13720,9765,NULL,9.808000,New
1875976,13720,9667,NULL,9.808000,New
1875839,13765,9894,NULL,10.000000,New
1875838,13765,9809,NULL,10.000000,New
1875835,13765,9542,NULL,10.000000,New
1875834,13765,9527,NULL,10.000000,New
1875832,13765,9516,NULL,10.000000,New
1875830,13765,9435,NULL,10.000000,New
1875828,13765,9398,NULL,10.000000,New
1875827,13765,9328,NULL,10.000000,New
1875522,13744,9826,NULL,10.000000,New
1875521,13744,9734,NULL,10.000000,New
1875520,13744,9724,NULL,10.000000,New
1875519,13744,9692,NULL,10.000000,New
1875518,13744,9684,NULL,10.000000,New
1875514,13744,9494,NULL,10.000000,New
1875513,13744,9446,NULL,10.000000,New
1875509,13744,9349,NULL,10.000000,New
1875508,13744,9327,NULL,10.000000,New
1875440,13797,9598,NULL,10.000000,New
1875439,13797,9585,NULL,10.000000,New
1875435,13797,9398,NULL,10.000000,New
1875434,13797,9348,NULL,10.000000,New
1875347,13816,9814,NULL,10.000000,New
1875346,13816,9813,NULL,10.000000,New
1875345,13816,9788,NULL,10.000000,New
1875342,13816,9766,NULL,10.000000,New
1875326,13816,9548,NULL,10.000000,New
1875324,13816,9497,NULL,10.000000,New
1875322,13816,9491,NULL,10.000000,New
1875321,13816,9489,NULL,10.000000,New
1875320,13816,9486,NULL,10.000000,New
1875319,13816,9480,NULL,10.000000,New
1875310,13816,9419,NULL,10.000000,New
1875113,13851,9459,NULL,10.000000,New
1874928,13852,9548,NULL,10.000000,New
1874277,13850,9714,NULL,10.000000,New
1874270,13850,9596,NULL,10.000000,New
1874263,13850,9548,NULL,10.000000,New
1874261,13850,9497,NULL,10.000000,New
1874259,13850,9492,NULL,10.000000,New
1874256,13850,9486,NULL,10.000000,New
1873930,13846,9809,NULL,10.000000,New
1873929,13846,9783,NULL,10.000000,New
1873927,13846,9714,NULL,10.000000,New
1873924,13846,9527,NULL,10.000000,New
1873921,13846,9441,NULL,10.000000,New
1873920,13846,9430,NULL,10.000000,New
1873634,13848,9814,NULL,9.123000,New
1873630,13848,9813,NULL,10.000000,New
1873627,13848,9788,NULL,10.000000,New
1873605,13848,9750,NULL,10.000000,New
1873542,13848,9552,NULL,10.000000,New
1873538,13848,9548,NULL,10.000000,New
1873532,13848,9497,NULL,10.000000,New
1873521,13848,9491,NULL,10.000000,New
1873513,13848,9486,NULL,10.000000,New
1873509,13848,9480,NULL,10.000000,New
1873479,13848,9445,NULL,9.123000,New
1873474,13848,9419,NULL,10.000000,New
1873456,13848,9395,NULL,10.000000,New
1873454,13848,9393,NULL,10.000000,New
1873450,13848,9392,NULL,10.000000,New
1873448,13848,9390,NULL,10.000000,New
1873445,13848,9388,NULL,10.000000,New
1872848,13849,9809,NULL,10.000000,New
1872847,13849,9783,NULL,10.000000,New
1872838,13849,9441,NULL,10.000000,New
1872837,13849,9430,NULL,10.000000,New
1872600,13094,9728,NULL,10.000000,New
1872596,13094,9502,NULL,10.000000,New
1872594,13094,9369,NULL,10.000000,New
1872512,13836,9502,NULL,10.000000,New
1872318,13835,9769,NULL,10.000000,New
1872315,13835,9703,NULL,10.000000,New
1872306,13835,9599,NULL,10.000000,New
1872289,13835,9452,NULL,10.000000,New
1872286,13835,9344,NULL,10.000000,New
1872082,13832,9471,NULL,9.825000,New
1871958,13833,9471,NULL,9.825000,New
1869996,13824,9806,NULL,10.000000,Approved
1869930,13824,9440,NULL,10.000000,Approved
1869422,13768,9893,NULL,9.808000,New
1869414,13768,9769,NULL,9.808000,New
1869410,13768,9713,NULL,9.808000,New
1869409,13768,9703,NULL,9.808000,New
1869408,13768,9697,NULL,9.808000,New
1869405,13768,9670,NULL,9.808000,New
1869402,13768,9649,NULL,9.808000,New
1869401,13768,9645,NULL,9.808000,New
1869396,13768,9599,NULL,9.800000,New
1869395,13768,9598,NULL,9.800000,New
1869394,13768,9597,NULL,9.800000,New
1869393,13768,9596,NULL,9.800000,New
1869392,13768,9595,NULL,9.800000,New
1869391,13768,9594,NULL,9.800000,New
1869389,13768,9587,NULL,9.800000,New
1869388,13768,9557,NULL,9.808000,New
1869387,13768,9542,NULL,9.808000,New
1869380,13768,9457,NULL,9.800000,New
1869379,13768,9452,NULL,9.808000,New
1869377,13768,9444,NULL,9.808000,New
1869376,13768,9351,NULL,9.808000,New
1869375,13768,9344,NULL,9.808000,New
1868116,13821,9809,NULL,10.000000,New
1868115,13821,9783,NULL,10.000000,New
1868107,13821,9441,NULL,10.000000,New
1868106,13821,9430,NULL,10.000000,New
1867473,13816,9765,NULL,10.000000,New
1867466,13816,9693,NULL,10.000000,New
1867462,13816,9646,NULL,10.000000,New
1867452,13816,9445,NULL,10.000000,New
1867241,13817,9788,NULL,10.000000,New
1867238,13817,9766,NULL,10.000000,New
1867236,13817,9708,NULL,10.000000,New
1867234,13817,9675,NULL,10.000000,New
1867228,13817,9520,NULL,10.000000,New
1867222,13817,9489,NULL,10.000000,New
1867213,13817,9420,NULL,10.000000,New
1867212,13817,9419,NULL,10.000000,New
1867211,13817,9398,NULL,10.000000,New
1867209,13817,9384,NULL,10.000000,New
1866847,13820,9714,NULL,10.000000,New
1866837,13820,9596,NULL,10.000000,New
1866830,13820,9548,NULL,10.000000,New
1866827,13820,9497,NULL,10.000000,New
1866825,13820,9492,NULL,10.000000,New
1866822,13820,9486,NULL,10.000000,New
1865052,13784,9471,NULL,10.000000,New
1865050,13784,9398,NULL,10.000000,New
1865047,13784,9333,NULL,10.000000,New
1864945,13797,9881,NULL,10.000000,New
1864937,13797,9561,Rejected,10.000000,Approved
1864936,13797,9541,NULL,10.000000,New
1864932,13797,9427,NULL,10.000000,New
1862018,13789,9769,NULL,9.123000,New
1862014,13789,9723,NULL,10.000000,New
1862013,13789,9716,NULL,10.000000,New
1862003,13789,9663,NULL,10.000000,New
1861995,13789,9599,NULL,10.000000,New
1861994,13789,9598,NULL,10.000000,New
1861993,13789,9597,NULL,10.000000,New
1861992,13789,9596,NULL,10.000000,New
1861991,13789,9595,NULL,10.000000,New
1861990,13789,9594,NULL,10.000000,New
1861988,13789,9587,NULL,10.000000,New
1861986,13789,9569,NULL,10.000000,New
1861980,13789,9516,NULL,10.000000,New
1861978,13789,9502,NULL,10.000000,New
1861977,13789,9501,NULL,10.000000,New
1861976,13789,9500,NULL,10.000000,New
1861975,13789,9499,NULL,10.000000,New
1861973,13789,9487,NULL,10.000000,New
1861964,13789,9453,NULL,10.000000,New
1861963,13789,9452,NULL,10.000000,New
1861951,13789,9344,NULL,10.000000,New
1861123,13775,9895,NULL,9.825000,New
1861119,13758,9895,NULL,10.000000,New
1861109,13713,9895,NULL,10.000000,New
1861089,13650,9895,NULL,9.825000,New
1861022,13360,9895,NULL,9.825000,New
1861014,13337,9895,NULL,10.000000,New
1860980,13199,9895,NULL,9.825000,New
1860977,13192,9895,NULL,10.000000,New
1860959,13114,9895,NULL,10.000000,New
1860903,12911,9895,NULL,10.000000,New
1860902,12910,9895,NULL,10.000000,New
1860895,12823,9895,NULL,9.808000,New
1860881,12746,9895,NULL,10.000000,New
1860850,12569,9895,NULL,10.000000,New
1860816,12460,9895,NULL,9.825000,New
1860771,12323,9895,NULL,9.825000,New
1860746,12232,9895,NULL,9.808000,New
1860740,12204,9895,NULL,9.825000,New
1860713,12124,9895,NULL,9.123000,New
1860685,12020,9895,NULL,10.000000,New
1860684,12016,9895,NULL,10.000000,New
1860683,12015,9895,NULL,10.000000,New
1860681,11986,9895,NULL,10.000000,New
1860648,11880,9895,NULL,9.825000,New
1860639,11829,9895,NULL,10.000000,New
1860631,11809,9895,NULL,9.825000,New
1860619,11690,9895,NULL,10.000000,New
1860590,11558,9895,NULL,10.000000,New
1860563,11435,9895,NULL,10.000000,New
1860558,11383,9895,NULL,9.825000,New
1860557,11375,9895,NULL,9.808000,New
1860514,11093,9895,NULL,10.000000,New
1860512,11088,9895,NULL,10.000000,New
1860496,10989,9895,NULL,10.000000,New
1860254,13647,9894,NULL,9.825000,New
1860252,13293,9894,NULL,10.000000,New
1860251,13040,9894,NULL,9.808000,New
1860250,12970,9894,NULL,10.000000,New
1860249,12761,9894,NULL,9.825000,New
1860248,12548,9894,NULL,10.000000,New
1860247,12500,9894,NULL,10.000000,New
1860246,12364,9894,NULL,9.123000,New
1860244,12340,9894,NULL,9.808000,New
1860243,12307,9894,NULL,10.000000,Approved
1860242,12256,9894,NULL,9.123000,New
1860241,12124,9894,NULL,9.123000,New
1860238,11709,9894,NULL,9.123000,New
1860237,11647,9894,NULL,10.000000,New
1860236,11579,9894,NULL,10.000000,New
1860235,11277,9894,NULL,9.825000,New
1860234,11149,9894,NULL,10.000000,New
1860233,11023,9894,NULL,9.123000,New
1860227,8202,9894,NULL,10.000000,New
1860194,13785,9705,NULL,10.000000,New
1860193,13785,9647,NULL,10.000000,New
1860187,13785,9502,NULL,10.000000,New
1860186,13785,9501,NULL,10.000000,New
1860185,13785,9500,NULL,10.000000,New
1860184,13785,9499,NULL,10.000000,New
1860096,13666,9893,NULL,9.808000,New
1860095,13665,9893,NULL,9.825000,New
1860094,13664,9893,NULL,9.808000,New
1860093,13647,9893,NULL,9.825000,New
1860083,13376,9893,NULL,9.808000,New
1860082,13285,9893,NULL,10.000000,New
1860079,13224,9893,NULL,9.825000,New
1860078,13217,9893,NULL,9.825000,New
1860077,13216,9893,NULL,9.825000,New
1860076,13215,9893,NULL,9.825000,New
1860075,13214,9893,NULL,9.825000,New
1860074,13213,9893,NULL,9.825000,New
1860066,13097,9893,NULL,10.000000,New
1860065,13094,9893,NULL,10.000000,New
1860064,13019,9893,NULL,10.000000,New
1860060,12919,9893,NULL,9.825000,New
1860058,12751,9893,NULL,10.000000,New
1860055,12538,9893,NULL,10.000000,New
1860054,12526,9893,NULL,10.000000,New
1860052,12441,9893,NULL,10.000000,New
1860050,12419,9893,NULL,9.123000,New
1860049,12383,9893,NULL,9.825000,New
1860047,12364,9893,NULL,9.123000,New
1860045,12260,9893,NULL,10.000000,New
1860043,12240,9893,NULL,9.825000,New
1860042,12239,9893,NULL,10.000000,New
1860041,12206,9893,NULL,9.825000,New
1860040,12201,9893,NULL,9.825000,New
1860038,12156,9893,NULL,10.000000,New
1860034,12125,9893,NULL,9.825000,New
1860033,12123,9893,NULL,9.825000,New
1860032,12122,9893,NULL,9.825000,New
1860031,12121,9893,NULL,9.825000,New
1860030,12120,9893,NULL,9.825000,New
1860029,12119,9893,NULL,9.825000,New
1860027,12081,9893,NULL,10.000000,New
1860026,12047,9893,NULL,10.000000,New
1860025,12015,9893,NULL,10.000000,New
1860023,11928,9893,NULL,10.000000,New
1860022,11927,9893,NULL,10.000000,New
1860019,11812,9893,NULL,9.825000,New
1860018,11805,9893,NULL,9.825000,New
1860017,11799,9893,NULL,10.000000,New
1860016,11709,9893,NULL,9.123000,New
1860014,11685,9893,NULL,10.000000,New
1860011,11621,9893,NULL,9.808000,New
1860010,11614,9893,NULL,9.808000,New
1860009,11611,9893,NULL,9.808000,New
1860008,11602,9893,NULL,9.808000,New
1860007,11601,9893,NULL,9.808000,New
1860006,11600,9893,NULL,9.808000,New
1860005,11599,9893,NULL,9.808000,New
1860004,11585,9893,NULL,9.825000,New
1860003,11576,9893,NULL,10.000000,New
1860002,11566,9893,NULL,9.825000,New
1859998,11384,9893,NULL,9.808000,New
1859997,11383,9893,NULL,9.825000,New
1859995,11361,9893,NULL,9.825000,New
1859987,11015,9893,NULL,10.000000,New
1859978,10590,9893,NULL,10.000000,New
1859977,10581,9893,NULL,10.000000,New
1859960,7146,9893,NULL,9.825000,New
1859907,13792,9769,NULL,9.123000,New
1859902,13792,9726,NULL,10.000000,New
1859901,13792,9723,NULL,10.000000,New
1859900,13792,9716,NULL,10.000000,New
1859882,13792,9599,NULL,10.000000,New
1859881,13792,9598,NULL,10.000000,New
1859880,13792,9597,NULL,10.000000,New
1859879,13792,9596,NULL,10.000000,New
1859878,13792,9595,NULL,10.000000,New
1859877,13792,9594,NULL,10.000000,New
1859875,13792,9587,NULL,10.000000,New
1859868,13792,9516,NULL,10.000000,New
1859867,13792,9502,NULL,10.000000,New
1859866,13792,9499,NULL,10.000000,New
1859865,13792,9487,NULL,10.000000,New
1859857,13792,9453,NULL,10.000000,New
1859856,13792,9452,NULL,10.000000,New
1859852,13792,9369,NULL,10.000000,New
1859850,13792,9344,NULL,10.000000,New
1858505,13791,9748,NULL,10.000000,New
1858495,13791,9604,NULL,10.000000,New
1858494,13791,9592,NULL,10.000000,New
1858490,13791,9500,NULL,10.000000,New
1858481,13791,9378,NULL,9.123000,New
1858480,13791,9377,NULL,10.000000,New
1858184,13790,9769,NULL,9.123000,New
1858181,13790,9723,NULL,10.000000,New
1858180,13790,9716,NULL,10.000000,New
1858174,13790,9670,NULL,10.000000,New
1858170,13790,9645,NULL,10.000000,New
1858159,13790,9587,NULL,10.000000,New
1858157,13790,9542,NULL,10.000000,New
1858153,13790,9487,NULL,10.000000,New
1858146,13790,9452,NULL,10.000000,New
1857672,13787,9881,NULL,10.000000,Approved
1857670,13787,9825,NULL,10.000000,New
1857668,13787,9810,NULL,10.000000,New
1857646,13787,9552,NULL,10.000000,New
1857645,13787,9548,NULL,10.000000,New
1857640,13787,9480,NULL,10.000000,New
1852779,13775,9705,NULL,9.825000,New
1852776,13775,9501,NULL,9.825000,New
1852775,13775,9500,NULL,9.825000,New
1852774,13775,9499,NULL,9.825000,New
1850658,13735,9369,NULL,9.123000,Approved
1849149,13774,9881,NULL,10.000000,New
1849144,13774,9813,NULL,10.000000,New
1849133,13774,9678,NULL,10.000000,New
1849121,13774,9552,NULL,10.000000,New
1849118,13774,9510,NULL,10.000000,New
1849114,13774,9491,NULL,10.000000,New
1849111,13774,9480,NULL,10.000000,New
1849098,13774,9419,NULL,10.000000,New
1848299,13772,9708,NULL,9.825000,New
1848296,13772,9534,NULL,9.825000,New
1848295,13772,9510,NULL,9.825000,New
1848294,13772,9491,NULL,9.825000,New
1848293,13772,9480,NULL,9.825000,New
1848057,13771,9708,NULL,9.123000,New
1848053,13771,9695,NULL,10.000000,Approved
1848049,13771,9670,NULL,10.000000,New
1848044,13771,9645,NULL,10.000000,New
1848040,13771,9599,NULL,10.000000,New
1848039,13771,9598,NULL,10.000000,New
1848038,13771,9597,NULL,10.000000,New
1848037,13771,9596,NULL,10.000000,New
1848036,13771,9595,NULL,10.000000,New
1848035,13771,9594,NULL,10.000000,New
1848028,13771,9534,NULL,10.000000,New
1848024,13771,9516,NULL,10.000000,New
1848022,13771,9510,NULL,10.000000,New
1848017,13771,9491,NULL,10.000000,New
1848015,13771,9487,NULL,10.000000,New
1848007,13771,9457,NULL,10.000000,New
1848005,13771,9453,NULL,10.000000,New
1848004,13771,9452,NULL,10.000000,New
1847992,13771,9419,NULL,10.000000,New
1847986,13771,9344,NULL,10.000000,Approved
1847477,13758,9705,NULL,10.000000,New
1847468,13758,9501,NULL,10.000000,New
1847467,13758,9500,NULL,10.000000,New
1847466,13758,9499,NULL,10.000000,New
1847455,13758,9405,NULL,9.123000,New
1847067,13751,9402,NULL,10.000000,Approved
1846951,13742,9813,NULL,9.808000,New
1846947,13742,9788,NULL,9.808000,Approved
1846931,13742,9708,NULL,9.808000,Approved
1846929,13742,9705,NULL,9.808000,New
1846896,13742,9502,NULL,9.808000,New
1846895,13742,9501,NULL,9.808000,New
1846894,13742,9500,NULL,9.808000,New
1846893,13742,9499,NULL,9.808000,New
1846889,13742,9491,NULL,9.808000,New
1846886,13742,9480,NULL,9.808000,New
1846862,13742,9419,NULL,9.808000,New
1846391,13741,9813,NULL,9.808000,New
1846376,13741,9705,NULL,9.808000,New
1846354,13741,9502,NULL,9.808000,New
1846353,13741,9501,NULL,9.808000,New
1846352,13741,9500,NULL,9.808000,New
1846351,13741,9499,NULL,9.808000,New
1846347,13741,9491,NULL,9.808000,New
1846344,13741,9480,NULL,9.808000,New
1846326,13741,9419,NULL,9.808000,New
1845903,13740,9813,NULL,9.825000,New
1845881,13740,9552,NULL,9.825000,New
1845875,13740,9491,NULL,9.825000,New
1845872,13740,9480,NULL,9.825000,New
1845862,13740,9419,NULL,9.825000,New
1845524,13739,9458,NULL,9.808000,New
1845215,13738,9705,NULL,9.825000,New
1845202,13738,9502,NULL,9.825000,New
1845201,13738,9501,NULL,9.825000,New
1845200,13738,9500,NULL,9.825000,New
1845199,13738,9499,NULL,9.825000,New
1845182,13738,9383,NULL,9.825000,New
1844626,13766,9349,NULL,10.000000,New
1844625,13766,9327,NULL,10.000000,New
1843975,13680,9705,NULL,9.825000,New
1843966,13680,9502,NULL,9.825000,New
1843965,13680,9501,NULL,9.825000,New
1843964,13680,9500,NULL,9.825000,New
1843963,13680,9499,NULL,9.825000,New
1843653,13686,9813,NULL,9.825000,New
1843637,13686,9705,NULL,9.825000,New
1843619,13686,9552,NULL,9.825000,New
1843612,13686,9502,NULL,9.825000,New
1843611,13686,9501,NULL,9.825000,New
1843610,13686,9500,NULL,9.825000,New
1843609,13686,9499,NULL,9.825000,New
1843605,13686,9491,NULL,9.825000,New
1843602,13686,9480,NULL,9.825000,New
1843583,13686,9419,NULL,9.825000,New
1843133,13687,9784,NULL,9.808000,New
1843124,13687,9594,NULL,9.800000,New
1843114,13687,9394,NULL,9.808000,New
1843113,13687,9362,NULL,9.808000,New
1842899,13696,9597,Introduced,9.818000,Approved
1842868,13696,9368,NULL,9.825000,New
1842867,13696,9357,NULL,9.825000,New
1842866,13696,9344,NULL,9.825000,New
1842261,13760,9492,NULL,10.000000,New
1842256,13760,9405,NULL,10.000000,New
1842182,13716,9750,NULL,9.808000,New
1842169,13716,9395,NULL,9.808000,New
1842168,13716,9393,NULL,9.808000,New
1842166,13716,9391,NULL,9.808000,New
1841933,13718,9383,NULL,9.808000,New
1841794,13719,9383,NULL,9.808000,New
1841662,13729,9794,NULL,9.825000,New
1841522,13731,9714,NULL,9.825000,New
1841514,13731,9596,NULL,9.818000,New
1841495,13731,9402,NULL,9.818000,New
1841279,13732,9705,NULL,9.825000,New
1841271,13732,9502,NULL,9.825000,New
1841270,13732,9501,NULL,9.825000,New
1841269,13732,9500,NULL,9.825000,New
1841268,13732,9499,NULL,9.825000,New
1840424,13697,9502,NULL,9.825000,New
1840422,13697,9500,NULL,9.825000,New
1840114,13698,9597,NULL,9.818000,New
1840103,13698,9368,NULL,9.825000,Approved
1839453,13759,9594,NULL,10.000000,New
1839447,13759,9362,NULL,10.000000,New
1839446,13759,9349,NULL,10.000000,Approved
1839444,13759,9327,NULL,10.000000,New
1839373,13743,9670,NULL,10.000000,New
1839368,13743,9645,NULL,10.000000,New
1839362,13743,9599,NULL,10.000000,New
1839361,13743,9598,NULL,10.000000,New
1839360,13743,9597,NULL,10.000000,New
1839359,13743,9596,NULL,10.000000,New
1839358,13743,9595,NULL,10.000000,New
1839357,13743,9594,NULL,10.000000,New
1839349,13743,9516,NULL,10.000000,New
1839347,13743,9499,NULL,10.000000,New
1839346,13743,9487,NULL,10.000000,New
1839341,13743,9457,NULL,10.000000,New
1839340,13743,9453,NULL,10.000000,New
1839339,13743,9452,NULL,10.000000,Approved
1839330,13743,9344,NULL,10.000000,New
1838656,13700,9814,NULL,9.825000,Approved
1836514,13701,9645,NULL,9.825000,New
1836510,13701,9599,NULL,9.818000,New
1836509,13701,9598,NULL,9.818000,New
1836508,13701,9597,NULL,9.818000,New
1836507,13701,9596,NULL,9.818000,New
1836506,13701,9595,NULL,9.818000,New
1836505,13701,9594,NULL,9.818000,New
1836499,13701,9516,NULL,9.818000,New
1836497,13701,9487,NULL,9.825000,New
1836492,13701,9457,NULL,9.818000,New
1836491,13701,9453,NULL,9.825000,New
1836490,13701,9452,NULL,9.825000,New
1836486,13701,9344,NULL,9.825000,New
1836211,13702,9599,NULL,9.818000,New
1836210,13702,9598,NULL,9.818000,New
1836209,13702,9597,NULL,9.818000,New
1836208,13702,9596,NULL,9.818000,New
1836207,13702,9595,NULL,9.818000,New
1836206,13702,9594,NULL,9.818000,New
1836200,13702,9516,NULL,9.818000,New
1836198,13702,9487,NULL,9.825000,New
1836192,13702,9453,NULL,9.825000,New
1836187,13702,9344,NULL,9.825000,New
1835926,13703,9594,NULL,9.800000,New
1835917,13703,9394,NULL,9.808000,New
1835916,13703,9362,NULL,9.808000,New
1835914,13703,9327,NULL,9.808000,New
1835737,13762,9813,NULL,10.000000,New
1835728,13762,9714,NULL,10.000000,New
1835721,13762,9596,NULL,10.000000,New
1835710,13762,9492,NULL,10.000000,New
1835709,13762,9491,NULL,10.000000,New
1835706,13762,9480,NULL,10.000000,New
1835702,13762,9457,NULL,10.000000,New
1835696,13762,9419,NULL,10.000000,New
1835047,13705,9599,NULL,9.800000,New
1835042,13705,9502,NULL,9.808000,New
1835033,13705,9389,NULL,9.808000,New
1835032,13705,9387,NULL,9.808000,New
1835031,13705,9386,NULL,9.808000,New
1835030,13705,9369,NULL,9.808000,New
1834773,13656,9714,NULL,9.808000,New
1834761,13656,9596,NULL,9.800000,New
1834748,13656,9502,NULL,9.808000,New
1834747,13656,9501,NULL,9.808000,New
1834746,13656,9500,NULL,9.808000,New
1834745,13656,9499,NULL,9.808000,New
1834742,13656,9492,NULL,9.808000,New
1834295,13655,9813,NULL,9.825000,New
1834249,13655,9491,NULL,9.825000,New
1834229,13655,9419,NULL,9.825000,New
1833827,13761,9492,NULL,10.000000,New
1833819,13761,9457,NULL,10.000000,New
1833434,13675,9881,NULL,10.000000,New
1833422,13675,9714,NULL,10.000000,New
1833415,13675,9596,NULL,10.000000,New
1833404,13675,9492,NULL,10.000000,New
1833400,13675,9480,NULL,10.000000,New
1833396,13675,9457,NULL,10.000000,New
1833077,13756,9598,NULL,9.800000,New
1833071,13756,9398,NULL,9.808000,New
1832903,13665,9705,NULL,9.825000,New
1832899,13665,9670,NULL,9.825000,New
1832896,13665,9645,NULL,9.825000,New
1832892,13665,9599,NULL,9.818000,New
1832891,13665,9598,NULL,9.818000,New
1832890,13665,9597,NULL,9.818000,New
1832889,13665,9596,NULL,9.818000,New
1832888,13665,9595,NULL,9.818000,New
1832887,13665,9594,NULL,9.818000,New
1832882,13665,9516,NULL,9.818000,New
1832880,13665,9501,NULL,9.825000,New
1832879,13665,9500,NULL,9.825000,New
1832878,13665,9499,NULL,9.825000,New
1832423,13668,9813,NULL,9.808000,New
1832385,13668,9502,NULL,9.808000,New
1832384,13668,9501,NULL,9.808000,New
1832383,13668,9500,NULL,9.808000,New
1832382,13668,9499,NULL,9.808000,New
1832378,13668,9491,NULL,9.808000,New
1832357,13668,9419,NULL,9.808000,New
1831935,13669,9856,NULL,9.808000,New
1831933,13669,9812,NULL,9.808000,New
1831926,13669,9729,NULL,9.808000,New
1831924,13669,9706,NULL,9.808000,New
1831911,13669,9592,NULL,9.808000,New
1831905,13669,9500,NULL,9.808000,New
1831904,13669,9492,NULL,9.808000,New
1831892,13669,9378,NULL,9.808000,New
1831891,13669,9377,NULL,9.808000,New
1831530,13653,9502,NULL,9.825000,New
1831529,13653,9501,NULL,9.825000,New
1831528,13653,9500,NULL,9.825000,New
1831527,13653,9499,NULL,9.825000,New
1831206,13650,9705,NULL,9.825000,New
1831200,13650,9670,NULL,9.825000,New
1831195,13650,9645,NULL,9.825000,New
1831174,13650,9502,NULL,9.825000,New
1831173,13650,9501,NULL,9.825000,New
1831172,13650,9500,NULL,9.825000,New
1831171,13650,9499,NULL,9.825000,New
1831159,13650,9452,NULL,9.825000,New
1830709,13607,9384,NULL,9.808000,New
1830416,13606,9598,NULL,9.818000,New
1830113,13605,9881,NULL,9.808000,New
1830110,13605,9714,NULL,9.808000,New
1830103,13605,9492,NULL,9.808000,New
1830100,13605,9405,NULL,9.808000,New
1830021,13604,9812,NULL,9.808000,New
1830020,13604,9810,NULL,9.808000,New
1830015,13604,9729,NULL,9.808000,New
1830013,13604,9706,NULL,9.808000,New
1830008,13604,9648,NULL,9.800000,Approved
1829998,13604,9492,NULL,9.808000,New
1829990,13604,9367,NULL,9.808000,New
1828515,13694,9812,NULL,9.825000,New
1828510,13694,9729,NULL,9.825000,New
1828496,13694,9492,NULL,9.825000,New
1828199,13693,9714,NULL,9.825000,New
1828188,13693,9492,NULL,9.825000,New
1828184,13693,9427,NULL,9.825000,New
1828181,13693,9383,NULL,9.825000,New
1827986,13692,9708,NULL,9.808000,New
1827962,13692,9419,NULL,9.808000,New
1827660,13726,9740,NULL,10.000000,Approved
1827641,13726,9349,NULL,10.000000,Approved
1827477,13691,9705,NULL,9.825000,New
1827468,13691,9502,NULL,9.825000,New
1827467,13691,9501,NULL,9.825000,New
1827466,13691,9500,NULL,9.825000,New
1827465,13691,9499,NULL,9.825000,New
1826565,13689,9708,NULL,9.825000,New
1826560,13689,9534,NULL,9.825000,New
1826559,13689,9510,NULL,9.825000,New
1826558,13689,9491,NULL,9.825000,New
1826545,13689,9389,NULL,9.825000,New
1826544,13689,9387,NULL,9.825000,New
1826543,13689,9386,NULL,9.825000,New
1826005,13688,9552,NULL,9.825000,New
1826001,13688,9492,NULL,9.825000,New
1826000,13688,9480,NULL,9.825000,New
1825997,13688,9457,NULL,9.818000,New
1825850,13737,9598,NULL,10.000000,New
1825848,13737,9561,NULL,10.000000,New
1825844,13737,9398,NULL,10.000000,New
1825674,13736,9714,NULL,10.000000,New
1825666,13736,9596,NULL,10.000000,New
1825660,13736,9552,NULL,10.000000,New
1825657,13736,9510,NULL,10.000000,New
1825654,13736,9492,NULL,10.000000,New
1825650,13736,9480,NULL,10.000000,New
1825645,13736,9457,NULL,10.000000,New
1823290,13621,9492,NULL,10.000000,New
1822952,13721,9810,NULL,10.000000,New
1822943,13721,9714,NULL,10.000000,New
1822929,13721,9480,NULL,10.000000,New
1820355,13721,9765,NULL,10.000000,New
1820334,13721,9492,NULL,10.000000,New
1820333,13721,9476,NULL,10.000000,New
1820192,13713,9452,NULL,10.000000,New
1820189,13713,9444,NULL,10.000000,Approved
1819924,13673,9393,NULL,10.000000,New
1819420,13721,9705,NULL,9.808000,New
1819414,13721,9502,NULL,9.808000,New
1819413,13721,9501,NULL,9.808000,New
1819412,13721,9500,NULL,9.808000,New
1819411,13721,9499,NULL,9.808000,New
1819272,13722,9788,NULL,10.000000,New
1819267,13722,9688,NULL,9.123000,New
1819054,13679,9705,NULL,10.000000,New
1818506,13615,9598,NULL,10.000000,New
1818504,13615,9596,NULL,10.000000,New
1818502,13615,9594,NULL,10.000000,New
1818489,13615,9501,NULL,10.000000,New
1818487,13615,9499,NULL,10.000000,New
1818476,13615,9453,NULL,10.000000,New
1817821,13647,9723,NULL,9.825000,Approved
1817813,13647,9645,NULL,9.825000,Approved
1817455,12997,9884,NULL,9.123000,New
1817445,12745,9884,NULL,9.825000,New
1817399,11425,9884,NULL,10.000000,New
1817391,10918,9884,NULL,10.000000,New
1817390,10917,9884,NULL,9.808000,New
1817389,10916,9884,NULL,9.808000,New
1817384,10674,9884,NULL,10.000000,New
1816835,13331,9884,NULL,9.808000,New
1816832,11120,9884,NULL,10.000000,New
1816466,13672,9771,NULL,10.000000,Approved
1816463,13672,9598,NULL,10.000000,New
1816358,13621,9420,NULL,9.818000,New
1816169,13633,9813,NULL,10.000000,New
1815759,13707,9452,NULL,9.825000,New
1815705,13610,9667,Rejected,9.825000,Approved
1815617,13708,9499,NULL,9.825000,New
1814805,13646,9636,NULL,9.808000,Approved
1814728,13645,9738,NULL,9.825000,Approved
1812028,13644,9645,NULL,10.000000,New
1812023,13644,9598,NULL,10.000000,New
1812021,13644,9596,NULL,10.000000,New
1812003,13644,9457,NULL,10.000000,New
1811173,13617,9561,NULL,10.000000,New
1810528,13489,9881,NULL,10.000000,New
1810500,13332,9881,NULL,9.825000,New
1810481,13249,9881,NULL,9.825000,New
1810480,13248,9881,NULL,9.808000,New
1810479,13246,9881,NULL,9.808000,New
1810471,13202,9881,NULL,9.825000,New
1810468,13199,9881,NULL,9.825000,New
1810462,13179,9881,NULL,9.825000,New
1810414,12999,9881,Introduced,10.000000,Approved
1810387,12890,9881,NULL,10.000000,New
1810382,12874,9881,NULL,9.825000,New
1810378,12866,9881,NULL,9.825000,New
1810366,12804,9881,Introduced,10.000000,Approved
1810343,12636,9881,NULL,10.000000,New
1810319,12509,9881,NULL,10.000000,New
1810293,12422,9881,NULL,10.000000,New
1810282,12354,9881,NULL,9.825000,New
1810267,12285,9881,NULL,10.000000,New
1810247,12205,9881,NULL,9.825000,New
1810241,12176,9881,NULL,9.825000,New
1810206,11985,9881,NULL,10.000000,New
1810179,11879,9881,NULL,10.000000,New
1810157,11809,9881,NULL,9.825000,New
1810151,11766,9881,NULL,9.825000,New
1810118,11623,9881,NULL,10.000000,New
1810114,11594,9881,NULL,10.000000,New
1810059,11314,9881,NULL,9.825000,New
1810057,11307,9881,NULL,9.825000,New
1810055,11290,9881,NULL,10.000000,New
1810051,11279,9881,NULL,9.808000,New
1810048,11262,9881,NULL,9.808000,New
1810042,11227,9881,NULL,9.825000,New
1810039,11195,9881,Introduced,10.000000,Approved
1810037,11191,9881,NULL,10.000000,New
1810026,11088,9881,NULL,10.000000,New
1810022,11061,9881,NULL,10.000000,New
1810010,11007,9881,NULL,9.825000,New
1810009,11003,9881,NULL,10.000000,New
1810004,10974,9881,NULL,10.000000,New
1810003,10969,9881,NULL,9.825000,New
1810000,10951,9881,NULL,9.825000,New
1809999,10927,9881,NULL,9.825000,New
1809989,10874,9881,NULL,10.000000,New
1809987,10869,9881,NULL,9.825000,New
1809926,10432,9881,NULL,9.808000,New
1809871,7105,9881,NULL,9.825000,New
1809839,13476,9728,NULL,9.825000,Approved
1809835,13476,9645,NULL,9.825000,Approved
1806077,13590,9383,NULL,9.808000,Approved
1802275,13578,9734,NULL,9.825000,Approved
1794286,13476,9705,NULL,9.825000,New
1794284,13476,9663,NULL,9.825000,New
1794275,13476,9501,NULL,9.825000,New
1794274,13476,9500,NULL,9.825000,New
1794273,13476,9499,NULL,9.825000,New
1794270,13476,9472,NULL,9.825000,New
1793228,13471,9771,NULL,9.808000,Approved
1792216,13473,9769,NULL,9.808000,New
1792215,13473,9723,NULL,9.808000,New
1792214,13473,9713,NULL,9.808000,New
1792213,13473,9703,NULL,9.808000,New
1792212,13473,9697,NULL,9.808000,New
1792203,13473,9599,NULL,9.800000,New
1792202,13473,9598,NULL,9.800000,New
1792201,13473,9597,NULL,9.800000,New
1792200,13473,9596,NULL,9.800000,New
1792198,13473,9594,NULL,9.800000,New
1792197,13473,9587,NULL,9.800000,New
1792196,13473,9557,NULL,9.808000,New
1792194,13473,9499,NULL,9.808000,New
1792192,13473,9452,NULL,9.808000,New
1792188,13473,9344,NULL,9.808000,New
1776751,13432,9826,NULL,10.000000,New
1776750,13432,9734,NULL,10.000000,New
1776748,13432,9692,NULL,10.000000,New
1776747,13432,9684,NULL,10.000000,New
1776745,13432,9614,NULL,10.000000,New
1776744,13432,9564,NULL,9.123000,New
1776743,13432,9494,NULL,10.000000,New
1776742,13432,9446,NULL,10.000000,New
1776741,13432,9404,NULL,9.123000,New
1776740,13432,9362,NULL,10.000000,New
1776739,13432,9349,NULL,10.000000,New
1776738,13432,9327,NULL,9.123000,New
1773799,13501,9703,NULL,9.825000,Approved
1766588,13482,9826,NULL,10.000000,Approved
1766585,13482,9692,NULL,10.000000,Approved
1766578,13482,9404,NULL,10.000000,Approved
1764626,7332,9875,NULL,9.825000,New
1764575,13479,9854,NULL,9.123000,Approved
1758776,13083,9349,NULL,10.000000,Approved
1758748,12504,9349,NULL,10.000000,Approved
1758586,7332,9349,NULL,9.825000,New
1753567,13456,9826,NULL,10.000000,Approved
1753564,13456,9692,NULL,10.000000,Approved
1753555,13456,9349,NULL,10.000000,Approved
1748089,13452,9548,NULL,10.000000,New
1748072,13452,9341,NULL,10.000000,New
1747886,13451,9854,NULL,10.000000,New
1747883,13451,9714,NULL,10.000000,New
1747882,13451,9704,NULL,10.000000,New
1747881,13451,9640,NULL,10.000000,New
1747879,13451,9576,NULL,10.000000,New
1747878,13451,9561,NULL,10.000000,New
1747877,13451,9541,NULL,10.000000,New
1747876,13451,9492,NULL,10.000000,New
1747875,13451,9470,NULL,10.000000,New
1747874,13451,9449,NULL,10.000000,New
1747872,13451,9405,NULL,10.000000,New
1747871,13451,9358,NULL,10.000000,New
1747870,13451,9356,NULL,10.000000,New
1737402,13437,9750,NULL,10.000000,Approved
1736861,13429,9723,NULL,10.000000,New
1736860,13429,9713,NULL,10.000000,New
1736859,13429,9697,NULL,10.000000,New
1736851,13429,9599,NULL,10.000000,New
1736850,13429,9598,NULL,10.000000,New
1736849,13429,9597,NULL,10.000000,New
1736848,13429,9596,NULL,10.000000,New
1736846,13429,9594,NULL,10.000000,New
1736845,13429,9587,NULL,10.000000,New
1736843,13429,9516,NULL,10.000000,New
1736842,13429,9499,NULL,10.000000,New
1736839,13429,9452,NULL,10.000000,New
1734873,13412,9792,Introduced,10.000000,Approved
1734794,13408,9368,NULL,10.000000,Approved
1734375,13397,9800,NULL,10.000000,New
1734370,13397,9368,NULL,10.000000,Approved
1728993,13361,9788,NULL,10.000000,Approved
1728981,13361,9708,NULL,10.000000,New
1728978,13361,9675,NULL,10.000000,Approved
1725510,13396,9501,NULL,10.000000,New
1725136,13357,9784,NULL,9.825000,New
1725127,13357,9594,NULL,9.818000,New
1725118,13357,9394,NULL,9.825000,New
1725117,13357,9362,NULL,9.825000,New
1724943,13356,9510,NULL,9.825000,New
1724942,13356,9480,NULL,9.825000,New
1723875,13348,9599,NULL,9.818000,New
1723760,13347,9812,NULL,9.825000,New
1723750,13347,9367,NULL,9.825000,New
1723671,12072,9868,Rejected,10.000000,Approved
1723614,10814,9868,NULL,9.825000,New
1723315,13346,9708,NULL,9.825000,New
1722741,13343,9383,NULL,9.825000,New
1722380,13375,9527,NULL,9.808000,New
1721953,13368,9487,NULL,9.825000,New
1721946,13368,9452,NULL,9.825000,New
1721360,13345,9599,NULL,9.818000,New
1721351,13345,9369,NULL,9.825000,New
1719156,12983,9854,NULL,10.000000,New
1719145,11982,9854,NULL,10.000000,New
1719136,11436,9854,NULL,10.000000,Approved
1719118,12993,9866,NULL,9.808000,Approved
1719116,12587,9866,NULL,9.825000,Approved
1719113,12175,9866,NULL,9.825000,Approved
1714248,13303,9492,NULL,9.825000,New
1714094,13288,9594,NULL,9.800000,New
1714087,13288,9362,NULL,9.808000,New
1713153,13311,9395,NULL,9.825000,New
1713150,13311,9388,NULL,9.825000,New
1712033,13336,9392,NULL,9.825000,New
1711840,13337,9645,NULL,10.000000,New
1710828,13329,9644,NULL,10.000000,Approved
1710382,13180,9855,NULL,9.825000,New
1710379,12909,9855,NULL,10.000000,New
1709498,13272,9387,NULL,9.808000,New
1709279,13250,9598,NULL,9.800000,New
1709047,13323,9826,NULL,9.825000,Approved
1709039,13323,9362,NULL,9.825000,New
1709037,13323,9327,NULL,9.825000,New
1708671,13300,9395,NULL,10.000000,New
1708670,13300,9393,NULL,10.000000,New
1708668,13300,9388,NULL,10.000000,New
1708552,13102,9864,NULL,10.000000,New
1708528,13021,9864,NULL,9.808000,New
1708518,12971,9864,NULL,9.825000,New
1708515,12965,9864,NULL,9.825000,New
1708510,12944,9864,NULL,10.000000,New
1708505,12901,9864,NULL,9.808000,New
1708485,12826,9864,NULL,9.808000,New
1708457,12627,9864,NULL,9.808000,New
1708386,12289,9864,NULL,10.000000,New
1708384,12285,9864,NULL,10.000000,New
1708381,12273,9864,NULL,9.808000,New
1708372,12235,9864,NULL,10.000000,New
1708370,13298,9810,NULL,10.000000,New
1708367,12230,9864,NULL,9.825000,New
1708359,12217,9864,NULL,9.825000,New
1708355,12205,9864,NULL,9.825000,New
1708300,12013,9864,NULL,10.000000,New
1708295,12006,9864,NULL,10.000000,New
1708293,12002,9864,NULL,10.000000,New
1708285,11981,9864,NULL,9.808000,New
1708265,11942,9864,NULL,10.000000,New
1708243,11879,9864,NULL,10.000000,New
1708212,11825,9864,NULL,9.825000,New
1708203,11783,9864,NULL,9.825000,New
1708179,11719,9864,NULL,9.808000,New
1708096,11401,9864,NULL,9.808000,New
1708086,11317,9864,NULL,9.808000,New
1708082,11279,9864,NULL,9.808000,New
1708077,11232,9864,NULL,10.000000,New
1708072,11213,9864,NULL,10.000000,New
1708056,11074,9864,NULL,10.000000,New
1708055,11061,9864,NULL,10.000000,New
1708039,10951,9864,NULL,9.825000,New
1707847,7332,9864,NULL,9.825000,New
1707647,13262,9598,NULL,9.800000,New
1707645,13262,9398,NULL,9.808000,New
1707304,13257,9598,NULL,9.800000,New
1707303,13257,9398,NULL,9.808000,New
1707227,13256,9388,NULL,9.825000,New
1706327,13235,9592,NULL,9.825000,New
1706323,13235,9500,NULL,9.825000,New
1706314,13235,9378,NULL,9.825000,New
1706313,13235,9377,NULL,9.825000,New
1705567,13230,9810,NULL,9.808000,New
1705320,13229,9594,NULL,9.800000,New
1705313,13229,9362,NULL,9.808000,New
1704910,13258,9597,Introduced,10.000000,Approved
1704897,13258,9438,NULL,10.000000,Approved
1704892,13258,9357,NULL,10.000000,Approved
1703825,13285,9597,NULL,10.000000,New
1703808,13285,9368,NULL,10.000000,New
1703807,13285,9357,NULL,10.000000,New
1703805,13285,9344,NULL,10.000000,New
1702587,13294,9393,NULL,9.825000,New
1702586,13294,9390,NULL,9.825000,New
1702585,13294,9388,NULL,9.825000,New
1702417,13292,9457,NULL,9.818000,New
1702365,12942,9812,NULL,10.000000,New
1702348,12942,9367,NULL,10.000000,New
1702251,13291,9594,NULL,10.000000,New
1702246,13291,9446,NULL,10.000000,Approved
1702244,13291,9362,NULL,10.000000,New
1701007,13289,9708,NULL,10.000000,New
1701005,13289,9534,NULL,10.000000,New
1691297,13213,9654,NULL,9.825000,Approved
1689748,13193,9769,NULL,9.123000,Approved
1689742,13193,9703,NULL,9.123000,Approved
1689726,13193,9596,Introduced,10.000000,Approved
1689709,13193,9452,NULL,10.000000,Approved
1689705,13193,9344,NULL,10.000000,Approved
1689455,13161,9657,NULL,9.825000,Approved
1689436,13161,9377,NULL,9.825000,New
1689119,13167,9510,NULL,9.825000,New
1688907,13168,9491,NULL,9.825000,New
1688426,13169,9491,NULL,9.825000,New
1687364,13172,9333,NULL,9.808000,New
1687243,13199,9419,NULL,9.825000,New
1686783,13200,9491,NULL,9.825000,New
1686762,13200,9419,NULL,9.825000,New
1686340,13201,9427,NULL,9.825000,New
1686293,13201,9598,NULL,9.818000,New
1686287,13201,9398,NULL,9.825000,New
1686103,13202,9491,NULL,9.825000,New
1686090,13202,9419,NULL,9.825000,New
1685073,13204,9856,NULL,10.000000,Approved
1684767,13207,9334,NULL,9.818000,Approved
1684103,13216,9654,NULL,9.825000,Approved
1680089,13210,9670,NULL,10.000000,New
1680084,13210,9645,NULL,10.000000,New
1680067,13210,9487,NULL,10.000000,New
1680060,13210,9452,NULL,10.000000,New
1674826,13187,9708,NULL,9.808000,Approved
1672782,13178,9592,NULL,9.808000,New
1672778,13178,9500,NULL,9.808000,New
1669334,13184,9492,NULL,9.825000,Approved
1668248,13180,9812,NULL,9.825000,New
1668216,13180,9558,NULL,9.825000,New
1668212,13180,9492,NULL,9.825000,New
1668209,13180,9476,NULL,9.825000,New
1668195,13180,9385,NULL,9.825000,New
1668194,13180,9367,NULL,9.825000,New
1665948,13182,9723,NULL,10.000000,New
1665932,13182,9599,NULL,10.000000,Approved
1665919,13182,9487,NULL,10.000000,New
1665912,13182,9452,NULL,10.000000,New
1665908,13182,9344,NULL,10.000000,New
1665634,13183,9552,NULL,10.000000,New
1665621,13183,9491,NULL,10.000000,New
1665600,13183,9419,NULL,10.000000,Approved
1661033,13162,9826,NULL,10.000000,Approved
1661027,13162,9614,NULL,10.000000,Approved
1661026,13162,9564,NULL,9.123000,Approved
1660148,12410,9857,NULL,10.000000,New
1658124,13142,9646,NULL,10.000000,Approved
1655690,13144,9723,NULL,10.000000,New
1655687,13144,9703,NULL,9.123000,Approved
1655669,13144,9594,Introduced,10.000000,Approved
1652755,13140,9430,NULL,10.000000,Approved
1652587,13115,9592,NULL,10.000000,New
1652583,13115,9500,NULL,10.000000,New
1652574,13115,9378,NULL,9.123000,New
1652573,13115,9377,NULL,10.000000,New
1652026,13118,9714,NULL,10.000000,New
1652019,13118,9492,NULL,10.000000,New
1641394,13051,9383,NULL,9.825000,New
1641259,13053,9714,NULL,9.825000,New
1641255,13053,9596,NULL,9.818000,New
1641246,13053,9492,NULL,9.825000,New
1641245,13053,9486,NULL,9.825000,Approved
1641011,13055,9501,NULL,9.825000,New
1640690,13057,9491,NULL,9.825000,New
1640367,13058,9657,NULL,9.825000,Approved
1640362,13058,9592,NULL,9.825000,New
1640358,13058,9500,NULL,9.825000,New
1640349,13058,9378,NULL,9.825000,New
1640348,13058,9377,NULL,9.825000,New
1639511,13018,9705,NULL,9.808000,New
1639501,13018,9502,NULL,9.808000,New
1639500,13018,9501,NULL,9.808000,New
1639499,13018,9500,NULL,9.808000,New
1639498,13018,9499,NULL,9.808000,New
1639206,12985,9813,NULL,9.825000,New
1639205,12985,9810,NULL,9.825000,New
1639190,12985,9705,NULL,9.825000,New
1639173,12985,9552,NULL,9.825000,New
1639166,12985,9502,NULL,9.825000,New
1639165,12985,9501,NULL,9.825000,New
1639164,12985,9500,NULL,9.825000,New
1639163,12985,9499,NULL,9.825000,New
1639160,12985,9480,NULL,9.825000,New
1638872,13021,9714,NULL,9.808000,New
1638866,13021,9596,NULL,9.800000,New
1638839,13021,9402,NULL,9.800000,New
1638173,12902,9599,NULL,9.800000,New
1638172,12902,9598,NULL,9.800000,New
1638171,12902,9597,NULL,9.800000,New
1638170,12902,9596,NULL,9.800000,New
1638169,12902,9595,NULL,9.800000,New
1638168,12902,9594,NULL,9.800000,New
1638162,12902,9516,NULL,9.800000,New
1638160,12902,9487,NULL,9.808000,New
1638154,12902,9453,NULL,9.808000,New
1638153,12902,9452,NULL,9.808000,New
1637368,13040,9383,NULL,9.808000,New
1637367,13040,9381,NULL,9.808000,New
1636743,13061,9598,NULL,9.818000,New
1634230,12995,9676,NULL,9.808000,Approved
1634220,12995,9492,NULL,9.808000,New
1633455,12998,9597,NULL,9.800000,New
1633447,12998,9387,NULL,9.808000,New
1633446,12998,9386,NULL,9.808000,New
1633445,12998,9369,NULL,9.808000,New
1633443,12998,9357,NULL,9.808000,New
1633073,13005,9592,NULL,9.808000,New
1633069,13005,9500,NULL,9.808000,New
1633060,13005,9378,NULL,9.808000,New
1633059,13005,9377,NULL,9.808000,New
1632793,13006,9750,NULL,9.808000,New
1632780,13006,9395,NULL,9.808000,New
1632779,13006,9393,NULL,9.808000,New
1632777,13006,9391,NULL,9.808000,New
1632555,12991,9714,NULL,9.808000,New
1632549,12991,9596,NULL,9.800000,New
1632538,12991,9492,NULL,9.808000,New
1632534,12991,9480,NULL,9.808000,New
1632530,12991,9457,NULL,9.800000,New
1632051,12992,9597,NULL,9.800000,New
1632040,12992,9368,NULL,9.808000,New
1632039,12992,9357,NULL,9.808000,New
1631602,12993,9599,NULL,9.800000,New
1631598,12993,9502,NULL,9.808000,New
1631593,12993,9369,NULL,9.808000,New
1631443,13081,9502,NULL,9.808000,New
1631442,13081,9501,NULL,9.808000,New
1631441,13081,9500,NULL,9.808000,New
1631440,13081,9499,NULL,9.808000,New
1629832,12980,9598,NULL,9.800000,New
1629831,12980,9398,NULL,9.808000,New
1629505,12201,9838,NULL,9.825000,New
1629480,12201,9599,NULL,9.818000,New
1629479,12201,9598,NULL,9.818000,New
1629478,12201,9597,NULL,9.818000,New
1629477,12201,9596,NULL,9.818000,New
1629476,12201,9595,NULL,9.818000,New
1629475,12201,9594,NULL,9.818000,New
1629470,12201,9538,NULL,9.825000,New
1629468,12201,9516,NULL,9.818000,New
1629463,12201,9452,NULL,9.825000,New
1629457,12201,9344,NULL,9.825000,New
1629061,12964,9598,NULL,9.818000,New
1629055,12964,9398,NULL,9.825000,New
1628672,13102,9810,NULL,10.000000,New
1628662,13102,9714,NULL,10.000000,New
1628655,13102,9596,NULL,10.000000,New
1628650,13102,9552,NULL,10.000000,New
1628636,13102,9402,NULL,10.000000,New
1628434,12965,9810,NULL,9.825000,New
1628419,12965,9705,NULL,9.825000,New
1628394,12965,9501,NULL,9.825000,New
1627863,12966,9500,NULL,9.825000,New
1627862,12966,9499,NULL,9.825000,New
1627405,12968,9458,NULL,9.825000,New
1627217,12967,9714,NULL,9.825000,New
1627212,12967,9596,NULL,9.818000,New
1627204,12967,9492,NULL,9.825000,New
1627034,13099,9446,NULL,10.000000,Approved
1626372,12969,9487,NULL,9.825000,New
1626365,12969,9452,NULL,9.825000,New
1623815,13094,9645,NULL,10.000000,Approved
1623797,13094,9452,MatchModified,10.000000,Approved
1623649,13097,9838,NULL,10.000000,New
1623637,13097,9728,NULL,10.000000,Approved
1623614,13097,9599,NULL,10.000000,New
1623613,13097,9598,NULL,10.000000,New
1623612,13097,9597,NULL,10.000000,New
1623611,13097,9596,NULL,10.000000,New
1623610,13097,9595,NULL,10.000000,New
1623609,13097,9594,NULL,10.000000,New
1623601,13097,9538,NULL,10.000000,New
1623600,13097,9537,NULL,10.000000,New
1623597,13097,9516,NULL,10.000000,New
1623595,13097,9502,NULL,10.000000,New
1623584,13097,9452,NULL,10.000000,New
1623580,13097,9369,NULL,10.000000,New
1623577,13097,9344,NULL,10.000000,New
1623160,13096,9728,NULL,10.000000,Approved
1623144,13096,9645,NULL,10.000000,New
1623108,13096,9369,NULL,10.000000,Approved
1621744,12943,9459,NULL,10.000000,Approved
1621505,12973,9806,NULL,9.825000,Approved
1620879,12972,9670,NULL,9.825000,New
1620874,12972,9645,NULL,9.825000,New
1620857,12972,9487,NULL,9.825000,New
1620850,12972,9452,NULL,9.825000,New
1620062,12978,9502,NULL,9.825000,New
1620061,12978,9501,NULL,9.825000,New
1620060,12978,9500,NULL,9.825000,New
1620059,12978,9499,NULL,9.825000,New
1619754,12934,9362,Introduced,10.000000,Approved
1619684,13077,9714,NULL,9.808000,New
1619677,13077,9596,NULL,9.800000,New
1619668,13077,9492,NULL,9.808000,New
1619459,13090,9839,Rejected,10.000000,Approved
1617443,13084,9813,NULL,10.000000,New
1617421,13084,9552,NULL,10.000000,New
1617415,13084,9491,NULL,10.000000,New
1617412,13084,9480,NULL,10.000000,New
1617402,13084,9419,NULL,10.000000,New
1616756,13083,9793,NULL,10.000000,Approved
1616172,13072,9530,NULL,9.808000,Approved
1615554,12997,9767,NULL,10.000000,Approved
1615549,12997,9613,NULL,10.000000,Approved
1615482,12999,9661,Rejected,10.000000,Approved
1615479,12999,9541,NULL,10.000000,Approved
1615472,12999,9358,Introduced,10.000000,Approved
1615470,12999,9333,NULL,10.000000,Approved
1613160,13012,9838,NULL,9.825000,New
1613158,13012,9798,NULL,9.825000,New
1613153,13012,9764,NULL,9.825000,New
1613152,13012,9762,NULL,9.825000,New
1613151,13012,9723,NULL,9.825000,New
1613150,13012,9713,NULL,9.825000,New
1613149,13012,9703,NULL,9.825000,New
1613148,13012,9697,NULL,9.825000,New
1613136,13012,9599,NULL,9.818000,New
1613129,13012,9587,NULL,9.818000,New
1613126,13012,9538,NULL,9.825000,New
1613119,13012,9452,NULL,9.825000,New
1613115,13012,9344,NULL,9.825000,New
1608012,12929,9806,NULL,10.000000,Approved
1606180,12807,9724,NULL,10.000000,Approved
1606174,12807,9349,NULL,10.000000,Approved
1599524,13019,9452,NULL,10.000000,Approved
1599519,13019,9353,NULL,10.000000,Approved
1590578,12983,9754,NULL,10.000000,New
1590576,12983,9714,NULL,10.000000,New
1590575,12983,9704,NULL,10.000000,New
1590574,12983,9640,NULL,10.000000,New
1590572,12983,9576,NULL,10.000000,New
1590571,12983,9561,NULL,10.000000,New
1590570,12983,9541,NULL,10.000000,New
1590569,12983,9492,NULL,10.000000,New
1590568,12983,9470,NULL,10.000000,New
1590567,12983,9449,NULL,10.000000,New
1590565,12983,9405,NULL,10.000000,New
1590564,12983,9358,NULL,10.000000,New
1590563,12983,9356,NULL,10.000000,New
1588783,12855,9480,NULL,10.000000,Approved
1588181,12935,9398,NULL,10.000000,Approved
1587322,12924,9739,NULL,10.000000,Approved
1586526,12904,9826,NULL,10.000000,Approved
1586525,12904,9734,NULL,10.000000,Approved
1585792,12926,9458,NULL,10.000000,Approved
1585396,12899,9794,NULL,10.000000,Approved
1584356,12875,9826,NULL,10.000000,Approved
1584347,12875,9349,NULL,10.000000,Approved
1581160,12918,9452,NULL,10.000000,Approved
1580924,12917,9599,NULL,10.000000,Approved
1576339,12869,9839,Rejected,9.825000,Approved
1576336,12483,9839,Rejected,9.808000,Approved
1576332,12249,9839,Rejected,10.000000,Approved
1576317,11428,9839,NULL,10.000000,New
1576315,11275,9839,Rejected,10.000000,Approved
1576292,7332,9839,NULL,9.825000,New
1576290,7182,9839,NULL,9.825000,New
1574255,11600,9838,NULL,9.808000,Approved
1574254,11599,9838,NULL,9.808000,Approved
1572420,12883,9795,Rejected,10.000000,Approved
1572415,12883,9382,NULL,10.000000,Approved
1572195,12896,9810,NULL,10.000000,New
1572187,12896,9757,NULL,10.000000,New
1572169,12896,9576,NULL,10.000000,New
1572168,12896,9552,NULL,10.000000,New
1572167,12896,9548,NULL,10.000000,New
1572163,12896,9486,NULL,10.000000,New
1572150,12896,9341,NULL,10.000000,New
1571971,12890,9814,NULL,10.000000,New
1571969,12890,9788,NULL,10.000000,New
1571966,12890,9766,NULL,10.000000,New
1571952,12890,9552,NULL,10.000000,New
1571951,12890,9548,NULL,10.000000,New
1571949,12890,9497,NULL,10.000000,New
1571947,12890,9491,NULL,10.000000,New
1571946,12890,9489,NULL,10.000000,New
1571944,12890,9480,NULL,10.000000,New
1571935,12890,9419,NULL,10.000000,New
1571758,12890,9677,NULL,10.000000,New
1571750,12890,9576,NULL,10.000000,New
1571743,12890,9445,NULL,10.000000,New
1570025,12866,9419,NULL,9.825000,Approved
1566999,12874,9405,Rejected,9.825000,Approved
1563834,11754,9664,NULL,9.825000,New
1563832,11754,9646,NULL,9.825000,Approved
1555859,12796,9565,NULL,10.000000,Approved
1545054,12745,9648,NULL,9.818000,Approved
1540469,12689,9798,NULL,10.000000,New
1540466,12689,9769,NULL,9.123000,New
1540465,12689,9764,NULL,10.000000,New
1540463,12689,9723,NULL,10.000000,New
1540462,12689,9716,NULL,10.000000,New
1540461,12689,9713,NULL,10.000000,New
1540460,12689,9703,NULL,10.000000,New
1540459,12689,9697,NULL,10.000000,New
1540451,12689,9645,NULL,10.000000,New
1540440,12689,9587,NULL,10.000000,New
1540439,12689,9585,NULL,10.000000,New
1540438,12689,9542,NULL,10.000000,New
1540434,12689,9487,NULL,10.000000,New
1540427,12689,9452,NULL,10.000000,New
1540424,12689,9444,NULL,10.000000,New
1540190,12690,9689,NULL,9.825000,Approved
1540188,12690,9648,NULL,9.818000,Approved
1540101,12709,9552,NULL,10.000000,New
1540091,12709,9480,NULL,10.000000,New
1536641,12702,9391,NULL,9.808000,Approved
1527886,12804,9405,Rejected,10.000000,Approved
1527742,12802,9728,NULL,10.000000,Approved
1527741,12802,9645,NULL,10.000000,Approved
1526353,12788,9421,NULL,10.000000,Approved
1525053,12751,9776,Rejected,10.000000,Approved
1525026,12751,9452,NULL,10.000000,Approved
1524342,12767,9809,NULL,10.000000,New
1524338,12767,9757,NULL,10.000000,New
1524327,12767,9548,NULL,10.000000,New
1524234,12765,9728,NULL,10.000000,Approved
1523152,12759,9446,NULL,10.000000,Approved
1521898,12755,9813,NULL,10.000000,Approved
1520904,12750,9446,NULL,10.000000,Approved
1519047,12737,9542,NULL,10.000000,Approved
1519044,12737,9452,NULL,10.000000,Approved
1518288,12730,9729,Rejected,10.000000,Approved
1516740,12720,9734,NULL,10.000000,Approved
1514754,12713,9520,NULL,10.000000,Approved
1513216,12628,9419,NULL,9.808000,Approved
1512142,12711,9444,NULL,10.000000,Approved
1511645,12663,9826,NULL,10.000000,Approved
1504775,12661,9597,Introduced,10.000000,Approved
1504205,12681,9728,NULL,10.000000,Approved
1504204,12681,9645,NULL,10.000000,Approved
1504197,12681,9369,NULL,10.000000,Approved
1502247,12676,9452,NULL,10.000000,Approved
1502038,12666,9813,NULL,10.000000,Approved
1502036,12666,9801,NULL,10.000000,Approved
1502014,12666,9539,NULL,10.000000,Approved
1501237,11986,9828,NULL,10.000000,New
1500972,11228,9828,NULL,10.000000,Approved
1500728,10250,9828,NULL,10.000000,New
1498471,12591,9826,NULL,9.808000,Approved
1498465,12591,9684,MatchModified,9.808000,Approved
1496872,12640,9419,NULL,10.000000,Approved
1495953,12589,9734,NULL,9.808000,Approved
1495686,12293,9826,Introduced,9.123000,Approved
1495683,12243,9826,NULL,10.000000,Approved
1495682,12242,9826,NULL,10.000000,Approved
1495681,12172,9826,NULL,10.000000,New
1495679,12132,9826,NULL,10.000000,Approved
1495678,12041,9826,NULL,9.123000,New
1495677,12024,9826,NULL,10.000000,New
1495676,11943,9826,NULL,9.808000,New
1495673,11832,9826,NULL,10.000000,New
1495672,11757,9826,NULL,10.000000,Approved
1495670,11670,9826,NULL,9.808000,New
1495669,11660,9826,NULL,9.808000,New
1495665,11603,9826,NULL,9.123000,Approved
1495663,11319,9826,NULL,10.000000,Approved
1495661,11265,9826,NULL,10.000000,New
1495659,11173,9826,NULL,10.000000,New
1495658,11171,9826,NULL,9.808000,New
1495657,11168,9826,NULL,9.808000,New
1495639,10406,9826,NULL,9.825000,New
1495608,8556,9826,NULL,10.000000,New
1495269,12581,9728,NULL,10.000000,Approved
1481267,12580,9810,NULL,10.000000,New
1481232,12580,9579,NULL,10.000000,New
1481230,12580,9576,NULL,10.000000,New
1481228,12580,9552,NULL,10.000000,New
1481227,12580,9548,NULL,10.000000,New
1481221,12580,9502,NULL,10.000000,New
1481220,12580,9501,NULL,10.000000,New
1481219,12580,9500,NULL,10.000000,New
1481218,12580,9499,NULL,10.000000,New
1481199,12580,9358,NULL,10.000000,New
1481197,12580,9355,NULL,10.000000,New
1481196,12580,9341,NULL,10.000000,New
1480659,12587,9502,NULL,9.825000,Approved
1480517,12586,9387,NULL,9.825000,Approved
1478926,12583,9419,NULL,9.825000,Approved
1478609,11772,9818,NULL,10.000000,New
1478601,11222,9818,Introduced,9.825000,Approved
1478591,11012,9818,NULL,10.000000,Approved
1478514,12584,9445,NULL,9.825000,Approved
1478512,12584,9419,NULL,9.825000,Approved
1477957,12307,9383,NULL,10.000000,Approved
1474499,12577,9388,NULL,10.000000,Approved
1472812,12341,9452,NULL,9.825000,Approved
1471770,12345,9788,NULL,9.825000,Approved
1471411,12346,9419,NULL,9.825000,Approved
1470731,12348,9502,NULL,9.825000,Approved
1470426,12351,9420,NULL,9.818000,Approved
1470158,12353,9708,NULL,9.825000,Approved
1469241,12570,9806,NULL,9.825000,Approved
1468452,12574,9552,NULL,10.000000,New
1468443,12574,9480,NULL,10.000000,New
1468435,12574,9445,NULL,10.000000,Approved
1468141,12576,9728,NULL,9.825000,Approved
1468136,12576,9537,NULL,9.825000,Approved
1467979,12431,9487,NULL,10.000000,Approved
1465907,12575,9489,NULL,9.825000,Approved
1465894,12575,9384,NULL,9.825000,Approved
1459583,12509,9810,NULL,10.000000,New
1459573,12509,9714,NULL,10.000000,New
1459567,12509,9596,NULL,10.000000,New
1459564,12509,9578,NULL,10.000000,New
1459562,12509,9552,NULL,10.000000,New
1459561,12509,9548,NULL,10.000000,New
1459558,12509,9492,NULL,10.000000,New
1459556,12509,9480,NULL,10.000000,New
1459553,12509,9457,NULL,10.000000,New
1459552,12509,9451,NULL,9.123000,New
1459551,12509,9450,NULL,9.123000,New
1458828,12566,9385,NULL,9.808000,Approved
1455980,12511,9391,NULL,9.825000,Approved
1453532,12567,9387,NULL,9.808000,Approved
1452051,12555,9387,NULL,9.808000,Approved
1451848,12554,9389,NULL,9.808000,Approved
1451584,12552,9419,NULL,9.808000,Approved
1448198,12526,9452,NULL,10.000000,Approved
1446193,7332,9813,NULL,9.825000,New
1445284,12504,9793,NULL,10.000000,Approved
1445278,12504,9740,NULL,10.000000,Approved
1445144,12521,9769,NULL,10.000000,New
1445143,12521,9764,NULL,10.000000,New
1445141,12521,9762,NULL,10.000000,New
1445139,12521,9723,NULL,10.000000,New
1445128,12521,9645,NULL,10.000000,Approved
1445112,12521,9538,NULL,10.000000,New
1445111,12521,9537,NULL,10.000000,New
1445095,12521,9344,NULL,10.000000,New
1444601,12522,9794,NULL,10.000000,New
1444599,12522,9775,NULL,10.000000,New
1444598,12522,9769,NULL,10.000000,New
1444597,12522,9764,NULL,10.000000,New
1444595,12522,9762,NULL,10.000000,New
1444593,12522,9723,NULL,10.000000,New
1444592,12522,9713,NULL,10.000000,New
1444590,12522,9697,NULL,10.000000,New
1444587,12522,9670,NULL,10.000000,New
1444575,12522,9598,NULL,10.000000,New
1444574,12522,9597,NULL,10.000000,New
1444573,12522,9596,NULL,10.000000,New
1444572,12522,9595,NULL,10.000000,New
1444571,12522,9594,NULL,10.000000,New
1444569,12522,9587,NULL,10.000000,New
1444568,12522,9557,NULL,10.000000,New
1444567,12522,9542,NULL,10.000000,New
1444566,12522,9538,NULL,10.000000,New
1444562,12522,9516,NULL,10.000000,New
1444559,12522,9499,NULL,10.000000,New
1444556,12522,9457,NULL,10.000000,New
1444555,12522,9452,NULL,10.000000,New
1444553,12522,9444,NULL,10.000000,New
1444549,12522,9344,NULL,10.000000,New
1444347,12519,9794,NULL,10.000000,New
1444345,12519,9775,NULL,10.000000,New
1444344,12519,9769,NULL,10.000000,New
1444343,12519,9764,NULL,10.000000,New
1444341,12519,9762,NULL,10.000000,New
1444340,12519,9728,NULL,10.000000,Approved
1444339,12519,9723,NULL,10.000000,New
1444338,12519,9713,NULL,10.000000,New
1444336,12519,9697,NULL,10.000000,New
1444328,12519,9645,NULL,10.000000,Approved
1444321,12519,9598,NULL,10.000000,New
1444320,12519,9597,NULL,10.000000,New
1444319,12519,9596,NULL,10.000000,New
1444318,12519,9595,NULL,10.000000,New
1444317,12519,9594,NULL,10.000000,New
1444315,12519,9587,NULL,10.000000,New
1444314,12519,9557,NULL,10.000000,New
1444313,12519,9542,NULL,10.000000,New
1444312,12519,9538,NULL,10.000000,New
1444308,12519,9516,NULL,10.000000,New
1444305,12519,9499,NULL,10.000000,New
1444302,12519,9457,NULL,10.000000,New
1444301,12519,9452,NULL,10.000000,New
1444299,12519,9444,NULL,10.000000,New
1444295,12519,9344,NULL,10.000000,New
1443564,12523,9794,NULL,10.000000,New
1443562,12523,9775,NULL,10.000000,New
1443561,12523,9769,NULL,10.000000,New
1443560,12523,9764,NULL,10.000000,New
1443558,12523,9762,NULL,10.000000,New
1443555,12523,9713,NULL,10.000000,New
1443553,12523,9697,NULL,10.000000,New
1443550,12523,9670,NULL,10.000000,New
1443546,12523,9649,NULL,10.000000,New
1443538,12523,9598,NULL,10.000000,New
1443532,12523,9587,NULL,10.000000,New
1443529,12523,9538,NULL,10.000000,New
1442724,12524,9775,NULL,10.000000,New
1442723,12524,9769,NULL,10.000000,New
1442722,12524,9764,NULL,10.000000,New
1442720,12524,9762,NULL,10.000000,New
1442719,12524,9728,NULL,10.000000,Approved
1442718,12524,9723,NULL,10.000000,New
1442717,12524,9713,NULL,10.000000,New
1442715,12524,9697,NULL,10.000000,New
1442700,12524,9598,NULL,10.000000,New
1442699,12524,9597,NULL,10.000000,New
1442698,12524,9596,NULL,10.000000,New
1442697,12524,9595,NULL,10.000000,New
1442696,12524,9594,NULL,10.000000,New
1442694,12524,9587,NULL,10.000000,New
1442693,12524,9557,NULL,10.000000,New
1442692,12524,9542,NULL,10.000000,New
1442691,12524,9538,NULL,10.000000,New
1442687,12524,9516,NULL,10.000000,New
1442684,12524,9499,NULL,10.000000,New
1442681,12524,9457,NULL,10.000000,New
1442680,12524,9452,NULL,10.000000,New
1442678,12524,9444,NULL,10.000000,New
1442674,12524,9344,NULL,10.000000,New
1442472,12529,9794,NULL,10.000000,New
1442470,12529,9775,NULL,10.000000,New
1442469,12529,9769,NULL,10.000000,New
1442468,12529,9764,NULL,10.000000,New
1442466,12529,9762,NULL,10.000000,New
1442465,12529,9728,NULL,10.000000,New
1442463,12529,9713,NULL,10.000000,New
1442461,12529,9697,NULL,10.000000,New
1442443,12529,9595,NULL,10.000000,New
1442436,12529,9537,NULL,10.000000,New
1442426,12529,9452,NULL,10.000000,New
1442420,12529,9344,NULL,10.000000,New
1442215,12530,9769,NULL,10.000000,New
1442214,12530,9764,NULL,10.000000,New
1442212,12530,9762,NULL,10.000000,New
1442211,12530,9728,NULL,10.000000,New
1442209,12530,9713,NULL,10.000000,New
1442193,12530,9599,NULL,10.000000,New
1442192,12530,9598,NULL,10.000000,New
1442191,12530,9597,NULL,10.000000,New
1442190,12530,9596,NULL,10.000000,New
1442189,12530,9595,NULL,10.000000,New
1442188,12530,9594,NULL,10.000000,New
1442186,12530,9587,NULL,10.000000,New
1442185,12530,9557,NULL,10.000000,New
1442184,12530,9542,NULL,10.000000,New
1442183,12530,9538,NULL,10.000000,New
1442182,12530,9537,NULL,10.000000,New
1442179,12530,9516,NULL,10.000000,New
1442176,12530,9499,NULL,10.000000,New
1442173,12530,9457,NULL,10.000000,New
1442172,12530,9452,NULL,10.000000,New
1442170,12530,9444,NULL,10.000000,New
1442166,12530,9344,NULL,10.000000,New
1441964,12534,9794,NULL,10.000000,New
1441961,12534,9769,NULL,10.000000,New
1441960,12534,9764,NULL,10.000000,New
1441958,12534,9762,NULL,10.000000,New
1441956,12534,9723,NULL,10.000000,New
1441955,12534,9713,NULL,10.000000,New
1441953,12534,9697,NULL,10.000000,New
1441939,12534,9599,NULL,10.000000,New
1441938,12534,9598,NULL,10.000000,New
1441937,12534,9597,NULL,10.000000,New
1441936,12534,9596,NULL,10.000000,New
1441935,12534,9595,NULL,10.000000,New
1441934,12534,9594,NULL,10.000000,New
1441932,12534,9587,NULL,10.000000,New
1441931,12534,9557,NULL,10.000000,New
1441929,12534,9538,NULL,10.000000,New
1441928,12534,9537,NULL,10.000000,New
1441925,12534,9516,NULL,10.000000,New
1441923,12534,9502,NULL,10.000000,New
1441922,12534,9499,NULL,10.000000,New
1441918,12534,9452,NULL,10.000000,New
1441915,12534,9369,NULL,10.000000,New
1441912,12534,9344,NULL,10.000000,New
1441710,12536,9794,NULL,10.000000,New
1441708,12536,9775,NULL,10.000000,New
1441707,12536,9769,NULL,10.000000,New
1441706,12536,9764,NULL,10.000000,New
1441704,12536,9762,NULL,10.000000,New
1441703,12536,9728,NULL,10.000000,New
1441702,12536,9723,NULL,10.000000,New
1441701,12536,9713,NULL,10.000000,New
1441699,12536,9697,NULL,10.000000,New
1441685,12536,9599,NULL,10.000000,New
1441684,12536,9598,NULL,10.000000,New
1441683,12536,9597,NULL,10.000000,New
1441682,12536,9596,NULL,10.000000,New
1441681,12536,9595,NULL,10.000000,New
1441680,12536,9594,NULL,10.000000,New
1441678,12536,9587,NULL,10.000000,New
1441677,12536,9557,NULL,10.000000,New
1441676,12536,9542,NULL,10.000000,New
1441675,12536,9538,NULL,10.000000,New
1441671,12536,9516,NULL,10.000000,New
1441668,12536,9499,NULL,10.000000,New
1441665,12536,9457,NULL,10.000000,New
1441664,12536,9452,NULL,10.000000,New
1441662,12536,9444,NULL,10.000000,New
1441658,12536,9344,NULL,10.000000,New
1441259,12537,9794,NULL,10.000000,New
1441257,12537,9775,NULL,10.000000,New
1441256,12537,9769,NULL,10.000000,New
1441255,12537,9764,NULL,10.000000,New
1441253,12537,9762,NULL,10.000000,New
1441252,12537,9728,NULL,10.000000,New
1441250,12537,9713,NULL,10.000000,New
1441248,12537,9697,NULL,10.000000,New
1441245,12537,9670,NULL,10.000000,New
1441241,12537,9649,NULL,10.000000,New
1441233,12537,9598,NULL,10.000000,New
1441232,12537,9597,NULL,10.000000,New
1441231,12537,9596,NULL,10.000000,New
1441230,12537,9595,NULL,10.000000,New
1441229,12537,9594,NULL,10.000000,New
1441227,12537,9587,NULL,10.000000,New
1441226,12537,9557,NULL,10.000000,New
1441225,12537,9542,NULL,10.000000,New
1441224,12537,9538,NULL,10.000000,New
1441223,12537,9537,NULL,10.000000,New
1441220,12537,9516,NULL,10.000000,New
1441218,12537,9502,NULL,10.000000,New
1441217,12537,9499,NULL,10.000000,New
1441214,12537,9457,NULL,10.000000,New
1440998,12538,9728,NULL,10.000000,New
1440976,12538,9595,NULL,10.000000,New
1440970,12538,9538,NULL,10.000000,New
1440969,12538,9537,NULL,10.000000,New
1440964,12538,9502,NULL,10.000000,New
1440956,12538,9369,NULL,10.000000,New
1439003,12484,9419,NULL,9.808000,Approved
1437090,12478,9395,NULL,9.808000,Approved
1435443,11803,9814,NULL,10.000000,New
1435225,7332,9814,NULL,9.825000,New
1434598,12386,9728,NULL,9.123000,Approved
1434590,12386,9645,NULL,9.123000,Approved
1434568,12386,9369,NULL,9.123000,Approved
1433943,12456,9419,NULL,9.808000,Approved
1433256,12454,9391,NULL,9.808000,Approved
1433038,12453,9419,NULL,9.808000,Approved
1432462,12387,9728,NULL,10.000000,Approved
1431928,12388,9728,NULL,10.000000,Approved
1429729,12367,9452,NULL,9.808000,New
1429564,12368,9344,NULL,9.808000,New
1429221,12370,9344,NULL,9.808000,New
1429061,12371,9452,NULL,9.825000,New
1425725,12410,9812,Introduced,10.000000,Approved
1425539,12366,9703,Rejected,9.825000,Approved
1425521,12366,9595,Introduced,9.818000,Approved
1425515,12366,9516,Introduced,9.818000,Approved
1425050,12370,9453,NULL,9.808000,Approved
1424960,12371,9663,NULL,9.825000,Approved
1424669,12377,9599,Introduced,9.818000,Approved
1424279,12466,9527,Rejected,10.000000,Approved
1422154,12403,9530,NULL,9.808000,Approved
1422023,12401,9657,NULL,9.825000,Approved
1422018,12401,9592,NULL,9.825000,Approved
1415640,12420,9810,NULL,10.000000,Approved
1413232,12419,9452,NULL,9.123000,Approved
1412974,12421,9539,NULL,10.000000,Approved
1412969,12421,9358,Rejected,10.000000,Approved
1412905,12422,9810,NULL,10.000000,Approved
1412883,12422,9578,NULL,10.000000,Approved
1412470,12098,9810,NULL,10.000000,Approved
1412461,11985,9810,NULL,10.000000,New
1412394,10969,9810,NULL,9.825000,Approved
1412034,12322,9497,Rejected,9.825000,Approved
1411249,12354,9445,NULL,9.825000,Approved
1408360,12398,9757,NULL,9.825000,New
1408336,12398,9548,NULL,9.825000,New
1406676,12391,9420,NULL,9.818000,Approved
1406371,12365,9806,NULL,10.000000,Approved
1406358,12298,9806,NULL,10.000000,Approved
1406195,11427,9806,NULL,10.000000,Approved
1406168,11179,9806,NULL,10.000000,Approved
1406080,10677,9806,NULL,10.000000,New
1406010,9887,9806,NULL,10.000000,New
1406007,9883,9806,NULL,10.000000,New
1405950,7332,9806,NULL,9.825000,New
1405930,12381,9783,NULL,9.825000,New
1405927,12381,9714,NULL,9.825000,New
1405919,12381,9542,NULL,9.825000,New
1405917,12381,9527,NULL,9.825000,New
1405904,12381,9337,NULL,9.825000,New
1403818,12070,9800,NULL,10.000000,Approved
1403808,11255,9800,Rejected,9.808000,Approved
1403794,11013,9800,NULL,10.000000,Approved
1402042,12373,9419,NULL,10.000000,Approved
1399469,12294,9494,NULL,10.000000,Approved
1397201,12296,9795,Rejected,10.000000,Approved
1395208,12364,9723,NULL,10.000000,Approved
1394138,12338,9404,NULL,9.123000,Approved
1394035,12310,9637,NULL,10.000000,Approved
1394027,12310,9379,NULL,10.000000,Approved
1393696,12293,9614,NULL,10.000000,Approved
1393695,12293,9564,NULL,9.123000,Approved
1393467,12290,9410,NULL,10.000000,Approved
1392963,12285,9722,Rejected,10.000000,Approved
1392849,12307,9680,NULL,10.000000,New
1392836,12307,9505,NULL,10.000000,New
1392816,12307,9382,NULL,10.000000,New
1385532,11327,9798,NULL,9.825000,Approved
1385432,12325,9419,NULL,10.000000,Approved
1383658,12246,9688,NULL,10.000000,Approved
1383657,12246,9675,NULL,10.000000,Approved
1383362,12264,9499,Rejected,10.000000,Approved
1382556,12046,9797,NULL,9.825000,Approved
1381156,12233,9794,NULL,9.825000,New
1381154,12141,9794,NULL,9.825000,New
1381152,12138,9794,NULL,9.825000,New
1381151,12117,9794,NULL,9.825000,New
1381150,12100,9794,NULL,9.825000,New
1381149,12099,9794,NULL,9.825000,New
1381148,12086,9794,NULL,9.808000,New
1381147,12080,9794,NULL,10.000000,New
1381144,11973,9794,NULL,9.808000,New
1381142,11954,9794,NULL,9.825000,New
1381134,11818,9794,NULL,10.000000,New
1381129,11728,9794,NULL,10.000000,New
1381127,11565,9794,NULL,10.000000,New
1381126,11564,9794,NULL,10.000000,New
1381124,11559,9794,NULL,10.000000,New
1381123,11558,9794,NULL,10.000000,New
1381115,11468,9794,NULL,9.825000,New
1381107,11162,9794,NULL,10.000000,New
1381104,11088,9794,NULL,10.000000,New
1381099,11042,9794,NULL,10.000000,New
1381096,11014,9794,NULL,10.000000,New
1380904,11913,9788,Rejected,10.000000,Approved
1380474,10562,9788,NULL,10.000000,New
1380457,10476,9788,NULL,10.000000,New
1380415,10298,9788,NULL,9.825000,New
1380409,10239,9788,NULL,10.000000,New
1380397,10100,9788,NULL,10.000000,New
1380331,9740,9788,NULL,10.000000,New
1380299,8613,9788,NULL,10.000000,New
1380188,7332,9788,NULL,9.825000,New
1380132,11784,9793,NULL,9.825000,Approved
1379055,12233,9794,NULL,9.825000,New
1379053,12141,9794,NULL,9.825000,New
1379051,12138,9794,NULL,9.825000,New
1379050,12117,9794,NULL,9.825000,New
1379049,12100,9794,NULL,9.825000,New
1379048,12099,9794,NULL,9.825000,New
1379047,12086,9794,NULL,9.808000,New
1379046,12080,9794,NULL,10.000000,New
1379043,11973,9794,NULL,9.808000,New
1379041,11954,9794,NULL,9.825000,New
1379033,11818,9794,NULL,10.000000,New
1379028,11728,9794,NULL,10.000000,New
1379025,11565,9794,NULL,10.000000,New
1379024,11564,9794,NULL,10.000000,New
1379022,11559,9794,NULL,10.000000,New
1379021,11558,9794,NULL,10.000000,New
1379013,11468,9794,NULL,9.825000,New
1379005,11162,9794,NULL,10.000000,New
1379002,11088,9794,NULL,10.000000,New
1378997,11042,9794,NULL,10.000000,New
1378994,11014,9794,NULL,10.000000,New
1373711,12245,9349,MatchModified,10.000000,Approved
1373493,12260,9728,NULL,10.000000,Approved
1365391,12134,9499,Rejected,10.000000,Approved
1364433,12164,9419,NULL,9.825000,Approved
1363700,12031,9419,NULL,9.825000,Approved
1359916,12219,9421,NULL,9.808000,Approved
1353160,10954,9783,NULL,10.000000,New
1352907,7332,9783,NULL,9.825000,New
1352844,7555,9784,NULL,10.000000,New
1352840,12079,9683,NULL,10.000000,Approved
1352839,12079,9680,NULL,10.000000,Approved
1351952,12214,9585,NULL,9.825000,Approved
1351611,12212,9714,NULL,9.825000,Approved
1350041,12202,9354,NULL,9.825000,Approved
1346435,12189,9446,NULL,9.825000,Approved
1343507,12175,9502,NULL,9.825000,Approved
1339982,12162,9453,NULL,10.000000,Approved
1339714,12163,9468,Rejected,10.000000,Approved
1339566,11696,9775,NULL,9.808000,New
1339562,11689,9775,NULL,9.825000,New
1339559,11686,9775,NULL,9.825000,New
1337667,12154,9734,NULL,10.000000,Approved
1334567,12090,9578,NULL,10.000000,Approved
1331821,11258,9771,NULL,9.825000,Approved
1331816,10252,9771,NULL,10.000000,New
1330897,12047,9598,Introduced,10.000000,Approved
1329540,10980,9769,Rejected,9.123000,Approved
1329534,10636,9769,NULL,10.000000,New
1328300,12077,9487,NULL,10.000000,New
1324205,12098,9552,NULL,10.000000,New
1317679,11803,9766,NULL,10.000000,New
1317259,8613,9766,NULL,10.000000,New
1314462,10917,9767,NULL,9.808000,Approved
1306527,11359,9765,NULL,10.000000,New
1306509,11206,9765,NULL,10.000000,New
1306392,7332,9765,NULL,9.825000,New
1302213,11491,9565,Introduced,9.825000,Approved
1302135,12046,9736,NULL,9.825000,Approved
1302134,12046,9699,Introduced,9.825000,Approved
1302042,12014,9337,NULL,10.000000,Approved
1301681,12015,9697,NULL,10.000000,Approved
1301640,12015,9351,NULL,10.000000,Approved
1291378,12017,9385,NULL,10.000000,Approved
1290135,12006,9470,NULL,9.123000,Approved
1289472,11428,9757,NULL,10.000000,New
1289385,10954,9757,NULL,10.000000,New
1289059,7332,9757,NULL,9.825000,New
1288479,11982,9754,NULL,10.000000,New
1286139,10250,9750,NULL,10.000000,New
1285832,11933,9729,Introduced,9.808000,Approved
1285189,11861,9395,NULL,10.000000,Approved
1283920,11060,9740,NULL,9.123000,Approved
1283778,10961,9738,NULL,10.000000,New
1283743,8057,9738,NULL,10.000000,New
1280862,11860,9734,NULL,10.000000,Approved
1280048,11990,9552,NULL,10.000000,New
1280047,11990,9548,NULL,10.000000,New
1280021,11990,9396,NULL,10.000000,Approved
1278638,11981,9445,NULL,9.808000,Approved
1276546,11979,9446,Rejected,9.825000,Approved
1275796,11986,9705,NULL,10.000000,New
1275786,11986,9502,NULL,10.000000,New
1275785,11986,9501,NULL,10.000000,New
1275784,11986,9500,NULL,10.000000,New
1275783,11986,9499,NULL,10.000000,New
1275782,11986,9489,NULL,10.000000,New
1275780,11986,9472,NULL,10.000000,New
1275514,11985,9714,NULL,10.000000,New
1275507,11985,9596,NULL,10.000000,New
1275504,11985,9578,NULL,10.000000,New
1275503,11985,9576,NULL,10.000000,New
1275502,11985,9552,NULL,10.000000,New
1275501,11985,9548,NULL,10.000000,New
1275498,11985,9492,NULL,10.000000,New
1275497,11985,9486,NULL,10.000000,New
1275496,11985,9480,NULL,10.000000,New
1275494,11985,9470,NULL,10.000000,New
1275493,11985,9457,NULL,10.000000,New
1275492,11985,9451,NULL,10.000000,New
1275491,11985,9450,NULL,10.000000,New
1275490,11985,9449,NULL,10.000000,New
1275487,11985,9358,NULL,10.000000,New
1275486,11985,9356,NULL,10.000000,New
1274561,11983,9734,NULL,10.000000,New
1274559,11983,9692,NULL,10.000000,New
1274558,11983,9684,NULL,10.000000,New
1274554,11983,9594,NULL,10.000000,New
1274553,11983,9546,NULL,10.000000,New
1274551,11983,9514,NULL,10.000000,New
1274550,11983,9486,NULL,10.000000,New
1274549,11983,9446,NULL,10.000000,New
1274548,11983,9404,NULL,10.000000,New
1274547,11983,9362,NULL,10.000000,New
1274546,11983,9349,NULL,10.000000,New
1274545,11983,9327,NULL,10.000000,New
1274365,11982,9714,NULL,10.000000,New
1274364,11982,9704,NULL,10.000000,New
1274363,11982,9640,NULL,10.000000,New
1274361,11982,9576,NULL,10.000000,New
1274360,11982,9561,NULL,10.000000,New
1274359,11982,9541,NULL,10.000000,New
1274358,11982,9492,NULL,10.000000,New
1274357,11982,9470,NULL,10.000000,New
1274356,11982,9449,NULL,10.000000,New
1274354,11982,9405,NULL,10.000000,New
1274353,11982,9358,NULL,10.000000,New
1274352,11982,9356,NULL,10.000000,New
1273720,11832,9734,NULL,10.000000,New
1273681,11186,9734,NULL,9.825000,Approved
1273672,10961,9734,NULL,10.000000,New
1273604,8556,9734,NULL,10.000000,New
1273565,8057,9734,NULL,10.000000,New
1273556,7555,9734,NULL,9.123000,New
1269086,11970,9729,Introduced,9.808000,Approved
1268870,11938,9561,Rejected,10.000000,Approved
1267535,11952,9708,NULL,10.000000,Approved
1267400,11930,9530,NULL,9.808000,Approved
1265983,11934,9530,NULL,9.808000,Approved
1265455,11956,9396,NULL,10.000000,Approved
1262605,11954,9548,NULL,9.825000,New
1262599,11954,9502,NULL,9.825000,New
1262598,11954,9501,NULL,9.825000,New
1262597,11954,9500,NULL,9.825000,New
1262596,11954,9499,NULL,9.825000,New
1262594,11954,9486,NULL,9.825000,New
1260903,11924,9445,NULL,9.825000,Approved
1255010,11949,9689,Rejected,9.825000,Approved
1255007,11949,9648,NULL,9.818000,Approved
1251769,11690,9728,NULL,10.000000,Approved
1251767,11570,9728,NULL,9.825000,Approved
1251762,11228,9728,NULL,10.000000,Approved
1251759,11102,9728,NULL,10.000000,Approved
1251758,11015,9728,NULL,10.000000,Approved
1251739,7542,9728,NULL,10.000000,New
1251736,7100,9728,NULL,9.808000,New
1250148,11884,9419,NULL,9.808000,Approved
1249438,11908,9480,NULL,10.000000,Approved
1249430,11908,9358,Rejected,10.000000,Approved
1248023,11845,9398,NULL,9.808000,New
1247219,11840,9499,NULL,9.825000,Approved
1243551,11826,9419,NULL,9.825000,Approved
1243149,11825,9486,NULL,9.825000,Approved
1241611,11061,9722,NULL,10.000000,Approved
1241229,7280,9722,NULL,10.000000,New
1237357,8057,9724,NULL,10.000000,New
1232742,11881,9548,NULL,10.000000,New
1232739,11881,9486,NULL,10.000000,New
1229181,11805,9723,Introduced,9.825000,Approved
1229157,11621,9723,Rejected,9.808000,Approved
1229106,10581,9723,NULL,10.000000,Approved
1222225,11815,9704,NULL,9.825000,Approved
1222221,11815,9539,NULL,9.825000,Approved
1220727,7332,9718,NULL,9.825000,New
1220724,7182,9718,NULL,9.825000,New
1217676,7332,9716,NULL,9.825000,New
1217657,11822,9476,MatchModified,9.825000,Approved
1217649,11206,9476,NULL,10.000000,New
1217081,11805,9587,NULL,9.818000,Approved
1217078,11805,9516,Introduced,9.818000,Approved
1216387,11833,9714,NULL,10.000000,New
1216386,11833,9704,NULL,10.000000,New
1216385,11833,9686,NULL,10.000000,New
1216383,11833,9576,NULL,10.000000,New
1216382,11833,9539,NULL,10.000000,New
1216381,11833,9492,NULL,10.000000,New
1216380,11833,9470,NULL,10.000000,New
1216376,11833,9356,NULL,10.000000,New
1215971,11832,9692,NULL,10.000000,New
1215970,11832,9684,NULL,10.000000,New
1215967,11832,9614,NULL,10.000000,New
1215966,11832,9564,NULL,10.000000,New
1215965,11832,9494,NULL,10.000000,New
1215964,11832,9446,NULL,10.000000,New
1215962,11832,9404,NULL,10.000000,New
1215961,11832,9362,NULL,10.000000,New
1215960,11832,9349,NULL,10.000000,New
1215959,11832,9327,NULL,10.000000,New
1215502,11798,9684,NULL,10.000000,Approved
1214756,11644,9349,MatchModified,10.000000,Approved
1213278,7332,9714,NULL,9.825000,New
1213272,7105,9714,NULL,9.825000,New
1209227,7332,9708,NULL,9.825000,New
1208812,7332,9705,NULL,9.825000,New
1204085,11440,9704,NULL,10.000000,Approved
1204068,11195,9704,NULL,10.000000,Approved
1204066,11191,9704,NULL,10.000000,Approved
1204062,11011,9704,NULL,9.825000,Approved
1204061,11003,9704,NULL,10.000000,Approved
1204006,7105,9704,NULL,9.825000,New
1203964,11720,9396,NULL,9.808000,Approved
1202321,11193,9703,NULL,10.000000,Approved
1201560,10954,9700,NULL,10.000000,New
1201446,11461,9698,NULL,9.808000,Approved
1201444,11228,9698,NULL,10.000000,Approved
1201442,11102,9698,Introduced,10.000000,Approved
1200476,11206,9699,NULL,10.000000,New
1200146,11802,9653,Rejected,10.000000,Approved
1199779,10846,9695,Rejected,9.825000,Approved
1198778,11318,9693,NULL,10.000000,Approved
1198760,11063,9693,NULL,9.123000,Approved
1198722,10240,9693,MatchModified,10.000000,Approved
1198500,11252,9692,NULL,10.000000,New
1198436,8556,9692,NULL,10.000000,New
1198029,7948,9689,NULL,9.825000,New
1197005,11645,9548,NULL,9.825000,Approved
1196221,11766,9501,NULL,9.825000,New
1196200,11766,9445,NULL,9.825000,Approved
1196194,11766,9419,NULL,9.825000,Approved
1195742,10961,9684,NULL,10.000000,New
1195650,8556,9684,NULL,10.000000,New
1195585,7555,9684,NULL,9.123000,New
1195558,7102,9684,NULL,9.123000,New
1194185,11757,9514,NULL,10.000000,Approved
1194183,11757,9446,Rejected,10.000000,Approved
1194178,11757,9330,NULL,10.000000,Approved
1187837,11216,9645,NULL,10.000000,Approved
1185583,11712,9487,NULL,10.000000,Approved
1184977,11628,9389,NULL,9.825000,New
1184976,11628,9387,NULL,9.825000,New
1184975,11628,9386,NULL,9.825000,New
1184932,11727,9546,NULL,10.000000,Approved
1184450,7332,9663,NULL,9.825000,New
1184387,10927,9661,NULL,9.825000,New
1181468,7332,9398,NULL,9.825000,New
1180948,11709,9452,NULL,9.123000,Approved
1178872,11628,9532,NULL,9.818000,New
1178869,11628,9502,NULL,9.825000,New
1178868,11628,9501,NULL,9.825000,New
1178867,11628,9500,NULL,9.825000,New
1178866,11628,9499,NULL,9.825000,New
1178865,11628,9489,NULL,9.825000,New
1178863,11628,9472,NULL,9.825000,New
1178584,11643,9487,NULL,9.825000,Approved
1175221,11651,9532,NULL,9.818000,New
1174336,11638,9532,NULL,9.800000,New
1171953,11621,9587,NULL,9.800000,Approved
1171107,11038,9654,NULL,10.000000,Approved
1171092,7136,9654,NULL,9.825000,Approved
1169884,11678,9538,NULL,10.000000,Approved
1169456,11687,9599,Rejected,9.800000,Approved
1169207,11688,9532,NULL,9.800000,New
1168398,11695,9532,NULL,9.818000,New
1168100,11696,9444,NULL,9.808000,Approved
1167637,11698,9499,NULL,9.825000,Approved
1165990,11517,9532,NULL,9.800000,New
1165723,11518,9532,NULL,9.800000,New
1165267,11519,9532,NULL,9.818000,New
1164772,11520,9532,NULL,9.800000,New
1163890,11522,9532,NULL,9.800000,New
1163316,11523,9532,NULL,9.800000,New
1162897,11525,9532,NULL,9.800000,New
1162177,11527,9532,NULL,9.800000,New
1161906,11528,9532,NULL,9.800000,New
1161727,11529,9532,NULL,9.800000,New
1161582,11530,9532,NULL,9.800000,New
1161312,11531,9532,NULL,9.800000,New
1158902,11570,9645,NULL,9.825000,Approved
1158588,11604,9548,NULL,9.808000,Approved
1158426,11690,9645,NULL,10.000000,Approved
1158419,11690,9599,NULL,10.000000,Approved
1155241,11590,9395,NULL,9.808000,Approved
1154083,10674,9648,NULL,10.000000,Approved
1154021,11700,9444,MatchModified,10.000000,Approved
1152454,11002,9645,NULL,10.000000,Approved
1151598,11514,9419,NULL,9.808000,Approved
1149422,11481,9532,NULL,9.818000,New
1149416,11481,9487,NULL,9.825000,Approved
1149150,11480,9532,NULL,9.818000,New
1146170,11458,9548,NULL,9.825000,Approved
1142262,11623,9576,Introduced,10.000000,Approved
1142248,11623,9405,Rejected,10.000000,Approved
1140176,10617,9636,Rejected,10.000000,Approved
1138748,7332,9596,NULL,9.474000,New
1138575,10954,9634,NULL,10.000000,New
1136589,10581,9587,Rejected,10.000000,Approved
1136500,7555,9594,NULL,10.000000,New
1136381,11193,9597,Introduced,10.000000,Approved
1136115,11594,9577,Rejected,10.000000,Approved
1135089,11026,9613,NULL,10.000000,Approved
1134910,11594,9470,NULL,10.000000,Approved
1134909,11594,9449,NULL,10.000000,Approved
1134907,11594,9358,Introduced,10.000000,Approved
1134860,11610,9532,MatchModified,9.649000,Approved
1130347,11592,9476,Rejected,9.825000,Approved
1129830,10472,9604,NULL,10.000000,New
1127650,7542,9599,NULL,10.000000,New
1127612,7093,9599,NULL,9.818000,New
1127331,10252,9598,NULL,10.000000,New
1127094,7139,9598,NULL,9.825000,New
1125856,7332,9596,NULL,9.474000,New
1125855,7330,9596,NULL,10.000000,New
1125687,11193,9595,NULL,10.000000,New
1125646,11002,9595,NULL,10.000000,New
1125642,10998,9595,NULL,10.000000,New
1125635,10990,9595,NULL,10.000000,New
1125405,8694,9595,NULL,10.000000,New
1125251,7542,9595,NULL,10.000000,New
1125244,7483,9595,NULL,10.000000,New
1124698,8094,9594,NULL,10.000000,New
1124677,7949,9594,NULL,9.818000,New
1124659,7555,9594,NULL,10.000000,New
1124632,7280,9594,NULL,10.000000,New
1124619,7138,9594,NULL,9.825000,New
1121765,11462,9383,NULL,9.808000,Approved
1121570,11074,9602,Rejected,10.000000,Approved
1121157,7332,9602,NULL,9.825000,New
1121084,11461,9468,NULL,9.808000,Approved
1119699,11568,9532,MatchModified,10.000000,Approved
1111214,11427,9532,MatchModified,10.000000,Approved
1106426,11458,9532,MatchModified,9.825000,Approved
1106038,11440,9492,NULL,10.000000,Approved
1105717,11436,9532,MatchModified,10.000000,Approved
1105245,11439,9532,NULL,10.000000,New
1103600,11428,9576,NULL,10.000000,New
1103387,7332,9576,NULL,9.825000,New
1102300,11441,9532,NULL,9.818000,New
1101891,11492,9514,NULL,10.000000,Approved
1101889,11492,9446,NULL,10.000000,Approved
1101822,11492,9532,MatchModified,10.000000,Approved
1101041,11487,9492,NULL,10.000000,Approved
1099476,7555,9570,NULL,9.123000,New
1099262,8683,9569,Rejected,10.000000,Approved
1099186,7332,9569,NULL,9.825000,New
1098935,11233,9565,Introduced,9.808000,Approved
1098473,11471,9349,NULL,10.000000,Approved
1098082,11424,9440,NULL,10.000000,Approved
1097557,11366,9532,MatchModified,10.000000,Approved
1097288,11359,9532,MatchModified,10.000000,Approved
1095598,11228,9561,Rejected,10.000000,Approved
1095520,10874,9561,Rejected,10.000000,Approved
1095423,10676,9561,Rejected,10.000000,Approved
1094312,11428,9552,NULL,10.000000,New
1094273,11054,9552,NULL,10.000000,New
1093974,7332,9552,NULL,9.825000,New
1093565,7332,9480,NULL,9.825000,New
1093328,11428,9548,NULL,10.000000,New
1093326,11428,9510,NULL,10.000000,New
1093308,11428,9420,NULL,10.000000,New
1093301,11428,9396,NULL,10.000000,New
1093294,11428,9341,NULL,10.000000,New
1092636,10954,9548,NULL,10.000000,New
1092285,7332,9548,NULL,9.825000,New
1090262,11404,9476,Introduced,9.808000,Approved
1085790,11357,9446,Rejected,9.808000,Approved
1085786,11357,9330,NULL,9.808000,Approved
1075345,7332,9542,NULL,9.825000,New
1074462,11252,9349,MatchModified,10.000000,Approved
1074299,11254,9334,Introduced,10.000000,Approved
1073202,11286,9532,MatchModified,9.649000,Approved
1072742,10874,9541,Rejected,10.000000,Approved
1072737,10688,9541,MatchModified,10.000000,Approved
1071801,11011,9539,MatchModified,9.825000,Approved
1071316,11303,9532,NULL,10.000000,New
1071193,11222,9532,NULL,9.818000,New
1070336,10827,9532,NULL,10.000000,New
1069875,10826,9532,NULL,9.818000,New
1069607,11276,9532,NULL,10.000000,New
1069606,11274,9532,NULL,10.000000,New
1069605,11273,9532,NULL,10.000000,New
1069604,11272,9532,NULL,10.000000,New
1069602,11232,9532,NULL,10.000000,New
1069599,11218,9532,MatchModified,10.000000,Approved
1069598,11217,9532,MatchModified,9.825000,Approved
1069596,11214,9532,NULL,9.800000,New
1069595,11194,9532,NULL,10.000000,New
1069594,11193,9532,NULL,10.000000,New
1069593,11184,9532,NULL,10.000000,New
1069592,11179,9532,NULL,10.000000,New
1069588,11156,9532,NULL,10.000000,New
1069587,11155,9532,NULL,10.000000,New
1069586,11154,9532,NULL,10.000000,New
1069585,11153,9532,NULL,10.000000,New
1069584,11152,9532,NULL,10.000000,New
1069583,11151,9532,NULL,10.000000,New
1069582,11148,9532,NULL,10.000000,New
1069581,11147,9532,NULL,10.000000,New
1069580,11145,9532,NULL,10.000000,New
1069579,11143,9532,NULL,10.000000,New
1069578,11141,9532,NULL,10.000000,New
1069577,11140,9532,NULL,10.000000,New
1069576,11137,9532,NULL,10.000000,New
1069575,11133,9532,NULL,9.818000,New
1069573,11127,9532,NULL,10.000000,New
1069572,11125,9532,NULL,10.000000,New
1069570,11115,9532,NULL,10.000000,New
1069569,11114,9532,NULL,10.000000,New
1069568,11113,9532,NULL,10.000000,New
1069567,11112,9532,NULL,10.000000,New
1069566,11111,9532,NULL,10.000000,New
1069565,11110,9532,NULL,10.000000,New
1069564,11109,9532,NULL,10.000000,New
1069563,11108,9532,NULL,10.000000,New
1069562,11107,9532,NULL,10.000000,New
1069561,11104,9532,NULL,9.800000,New
1069560,11103,9532,NULL,9.800000,New
1069559,11100,9532,NULL,9.800000,New
1069558,11099,9532,NULL,9.800000,New
1069557,11098,9532,NULL,9.800000,New
1069548,11081,9532,NULL,9.818000,New
1069547,11080,9532,NULL,9.800000,New
1069546,11079,9532,NULL,9.800000,New
1069541,11053,9532,NULL,10.000000,New
1069540,11027,9532,NULL,10.000000,New
1069538,11018,9532,NULL,10.000000,New
1069533,11007,9532,NULL,9.818000,New
1069532,10998,9532,NULL,10.000000,New
1069531,10996,9532,NULL,10.000000,New
1069525,10963,9532,NULL,9.818000,New
1069518,10910,9532,NULL,10.000000,New
1069517,10907,9532,NULL,10.000000,New
1069513,10892,9532,NULL,9.818000,New
1069511,10886,9532,NULL,9.818000,New
1069506,10870,9532,NULL,9.818000,New
1069491,10822,9532,NULL,9.818000,New
1069490,10821,9532,NULL,9.818000,New
1069489,10820,9532,NULL,9.818000,New
1069488,10819,9532,NULL,9.818000,New
1069487,10818,9532,NULL,9.818000,New
1069486,10817,9532,NULL,9.818000,New
1069485,10816,9532,NULL,9.818000,New
1069484,10815,9532,NULL,9.818000,New
1069482,10813,9532,NULL,9.818000,New
1069481,10812,9532,NULL,9.818000,New
1069480,10811,9532,NULL,9.818000,New
1069479,10810,9532,NULL,9.818000,New
1069477,10808,9532,NULL,9.818000,New
1069476,10807,9532,NULL,9.818000,New
1069475,10806,9532,NULL,9.818000,New
1069474,10805,9532,NULL,9.818000,New
1069470,10797,9532,NULL,9.818000,New
1069466,10793,9532,NULL,9.818000,New
1069465,10792,9532,NULL,9.818000,New
1069459,10783,9532,NULL,9.818000,New
1069455,10776,9532,NULL,9.818000,New
1069452,10771,9532,NULL,9.818000,New
1069451,10770,9532,NULL,9.818000,New
1069450,10769,9532,NULL,9.818000,New
1069447,10761,9532,NULL,9.818000,New
1069446,10760,9532,NULL,9.818000,New
1069444,10758,9532,NULL,9.818000,New
1069441,10754,9532,NULL,9.818000,New
1069435,10748,9532,NULL,9.818000,New
1069434,10746,9532,NULL,9.818000,New
1069433,10745,9532,NULL,9.818000,New
1069432,10743,9532,NULL,9.818000,New
1069428,10739,9532,NULL,9.818000,New
1069426,10736,9532,NULL,9.818000,New
1069425,10735,9532,NULL,9.818000,New
1069424,10734,9532,NULL,9.818000,New
1069422,10731,9532,NULL,9.818000,New
1069418,10726,9532,NULL,9.818000,New
1069415,10721,9532,NULL,9.818000,New
1069412,10718,9532,NULL,9.818000,New
1069409,10713,9532,NULL,9.818000,New
1069408,10711,9532,NULL,9.818000,New
1069407,10710,9532,NULL,9.818000,New
1069405,10708,9532,NULL,9.818000,New
1069401,10702,9532,NULL,9.818000,New
1069400,10701,9532,NULL,9.818000,New
1069398,10698,9532,NULL,9.818000,New
1069396,10694,9532,NULL,9.818000,New
1069395,10688,9532,NULL,10.000000,New
1069394,10678,9532,NULL,10.000000,New
1069393,10677,9532,NULL,10.000000,New
1069391,10670,9532,NULL,10.000000,New
1069380,10642,9532,NULL,9.800000,New
1069379,10641,9532,NULL,10.000000,New
1069354,10534,9532,NULL,9.818000,New
1069334,10479,9532,NULL,10.000000,New
1069333,10476,9532,NULL,9.091000,New
1069332,10472,9532,NULL,10.000000,New
1069300,10387,9532,NULL,10.000000,New
1069286,10240,9532,NULL,10.000000,New
1069285,10239,9532,NULL,10.000000,New
1069273,10168,9532,NULL,10.000000,New
1069243,9945,9532,NULL,10.000000,New
1069228,9914,9532,NULL,10.000000,New
1069227,9911,9532,NULL,10.000000,New
1069221,9887,9532,NULL,10.000000,New
1069220,9885,9532,NULL,10.000000,New
1069218,9883,9532,NULL,10.000000,New
1069213,9820,9532,NULL,10.000000,New
1069203,9775,9532,NULL,10.000000,New
1069202,9774,9532,NULL,10.000000,New
1069201,9773,9532,NULL,10.000000,New
1069200,9770,9532,NULL,10.000000,New
1069199,9769,9532,NULL,10.000000,New
1069187,8688,9532,NULL,10.000000,New
1069185,8683,9532,NULL,10.000000,New
1069172,8670,9532,NULL,10.000000,New
1069171,8669,9532,NULL,10.000000,New
1069153,8637,9532,NULL,10.000000,New
1069144,8617,9532,NULL,10.000000,New
1069132,8577,9532,NULL,10.000000,New
1069126,8561,9532,NULL,9.818000,New
1069025,7864,9532,NULL,10.000000,New
1069011,7555,9532,NULL,9.091000,New
1069007,7332,9532,NULL,9.474000,New
1069006,7330,9532,NULL,10.000000,New
1069003,7268,9532,NULL,10.000000,New
1069002,7182,9532,NULL,9.825000,New
1068997,7093,9532,NULL,9.818000,New
1068959,7542,9537,NULL,10.000000,New
1068948,7542,9538,NULL,10.000000,New
1065380,11256,9514,NULL,9.825000,Approved
1065378,11256,9446,Rejected,9.825000,Approved
1065373,11256,9330,NULL,9.825000,Approved
1064904,10936,9494,NULL,10.000000,Approved
1062243,10581,9516,Introduced,10.000000,Approved
1061576,11265,9362,NULL,10.000000,New
1061574,11265,9330,NULL,10.000000,New
1059930,11217,9357,NULL,9.825000,Approved
1059929,11217,9344,NULL,9.825000,Approved
1058070,7332,9520,NULL,9.825000,New
1054230,8057,9514,NULL,9.123000,New
1049429,11024,9510,Rejected,10.000000,Approved
1049426,10954,9510,NULL,10.000000,New
1049409,8696,9510,NULL,10.000000,New
1049400,7332,9510,NULL,9.825000,New
1049397,7182,9510,NULL,9.825000,New
1047588,7332,9497,NULL,9.825000,New
1045475,11060,9349,NULL,10.000000,Approved
1044235,11105,9502,Rejected,9.808000,Approved
1043940,7332,9502,NULL,9.825000,New
1043568,7332,9501,NULL,9.825000,New
1043138,7332,9500,NULL,9.825000,New
1042655,7332,9499,NULL,9.825000,New
1041701,11191,9405,Rejected,9.123000,Approved
1040688,10992,9492,Rejected,10.000000,Approved
1040629,7737,9492,NULL,10.000000,New
1040008,7332,9492,NULL,9.825000,New
1039995,7182,9492,NULL,9.825000,New
1025854,7332,9472,NULL,9.825000,New
1025843,11001,9487,NULL,10.000000,Approved
1025840,10998,9487,Rejected,10.000000,Approved
1025248,7332,9491,NULL,9.825000,New
1024811,7555,9486,NULL,9.123000,New
1024800,7332,9486,NULL,9.825000,New
1024433,11125,9489,NULL,9.123000,New
1015810,11018,9476,Rejected,10.000000,Approved
1015674,7332,9476,NULL,9.825000,New
1015667,7182,9476,NULL,9.825000,New
1015662,7104,9476,NULL,9.825000,New
1001047,11106,9445,NULL,9.808000,Approved
1000065,10803,9468,Rejected,9.825000,Approved
1000064,10734,9468,Rejected,9.825000,Approved
992614,11087,9398,NULL,10.000000,Approved
991030,11023,9381,NULL,9.123000,Approved
986930,7332,9459,NULL,9.825000,New
986923,7182,9459,NULL,9.825000,New
985808,7332,9458,NULL,9.825000,New
985277,11033,9457,NULL,9.818000,Approved
985254,10969,9457,NULL,9.825000,Approved
984764,7332,9457,NULL,9.825000,New
983352,11011,9405,Introduced,9.825000,Approved
982533,10448,9453,NULL,10.000000,New
981753,10581,9452,NULL,10.000000,Approved
981750,10448,9452,NULL,10.000000,New
976493,8556,9446,NULL,10.000000,New
976451,8057,9446,NULL,9.123000,New
974049,10805,9430,NULL,9.825000,Approved
971298,9884,9440,Rejected,10.000000,Approved
971297,9883,9440,Rejected,10.000000,Approved
971178,7332,9440,NULL,9.825000,New
970796,7332,9445,NULL,9.825000,New
966293,10992,9405,Introduced,10.000000,Approved
965250,10998,9344,NULL,10.000000,Approved
962426,11003,9405,Rejected,10.000000,Approved
961246,10993,9405,Introduced,10.000000,Approved
957800,10985,9368,NULL,10.000000,Approved
929713,10698,9419,NULL,9.825000,Approved
927450,10974,9358,NULL,10.000000,Approved
925297,7332,9341,NULL,9.825000,New
923931,10432,9405,Rejected,9.808000,Approved
923930,10432,9358,Rejected,9.808000,Approved
919982,10955,9349,NULL,10.000000,Approved
919918,10953,9349,NULL,10.000000,Approved
915853,10874,9358,Rejected,10.000000,Approved
915852,10874,9356,NULL,10.000000,Approved
914410,10933,9421,NULL,9.808000,Approved
914254,10935,9421,Rejected,9.825000,Approved
913759,10918,9367,NULL,10.000000,Approved
911756,10917,9367,NULL,9.808000,Approved
911691,10916,9367,NULL,9.808000,Approved
908519,8726,9420,NULL,10.000000,New
908418,7332,9420,NULL,9.825000,New
908415,7182,9420,NULL,9.825000,New
908383,10641,9419,NULL,10.000000,Approved
908325,10239,9419,NULL,10.000000,Approved
908157,7332,9419,NULL,9.825000,New
901721,7332,9402,NULL,9.636000,New
898396,10252,9398,NULL,10.000000,New
898275,10688,9358,NULL,10.000000,Approved
898274,10688,9356,Rejected,10.000000,Approved
896613,10531,9383,NULL,10.000000,Approved
896383,7332,9384,NULL,9.825000,New
895849,8642,9385,NULL,10.000000,New
895812,7332,9385,NULL,10.000000,New
895810,7182,9385,NULL,10.000000,New
895792,9774,9386,NULL,10.000000,Approved
895787,8622,9386,NULL,10.000000,New
893601,8603,9369,NULL,10.000000,Approved
878651,7173,9361,NULL,10.000000,Approved
878647,8202,9359,MatchModified,10.000000,Approved
862863,8387,9354,NULL,10.000000,New
847401,10406,9349,MatchModified,10.000000,Approved
847354,8556,9349,NULL,10.000000,New
847305,8057,9349,NULL,10.000000,New
842619,9921,9344,NULL,10.000000,Approved
842610,8694,9344,Rejected,10.000000,Approved
842586,7983,9344,Rejected,10.000000,Approved
842584,7974,9344,NULL,10.000000,Approved
832712,9922,9328,NULL,10.000000,Approved
832510,8103,9328,NULL,9.091000,Approved
832366,7332,9328,NULL,10.000000,New
832181,8556,9327,NULL,10.000000,New
832135,8057,9327,NULL,10.000000,New
